restaurant_name,category,address,road_address,search_keyword
두리부대찌개,"한식>찌개,전골",경기도 성남시 분당구 야탑동 289-2,경기도 성남시 분당구 장미로122번길 2,국물
대세신당동즉석쌀떡볶이&amp;양푼이매운갈비찜국물닭발,분식>떡볶이,경기도 성남시 분당구 정자동 135-3,경기도 성남시 분당구 불정로77번길 14,국물
라면국물편의점포차 서현역점,음식점>술집>포장마차,경기도 성남시 분당구 서현동 245-2,경기도 성남시 분당구 서현로210번길 1,국물
MAMA 국물떡볶이&amp;새우강정,분식>떡볶이,경기도 성남시 분당구 서현동 297,경기도 성남시 분당구 돌마로486번길 12,국물
매운국물갈비찜,음식점>한식,경기도 성남시 분당구 정자동 133-4,경기도 성남시 분당구 내정로11번길 5,국물
두리부대찌개,"한식>찌개,전골",경기도 성남시 분당구 야탑동 289-2,경기도 성남시 분당구 장미로122번길 2,국물
대세신당동즉석쌀떡볶이&amp;양푼이매운갈비찜국물닭발,분식>떡볶이,경기도 성남시 분당구 정자동 135-3,경기도 성남시 분당구 불정로77번길 14,국물
라면국물편의점포차 서현역점,음식점>술집>포장마차,경기도 성남시 분당구 서현동 245-2,경기도 성남시 분당구 서현로210번길 1,국물
MAMA 국물떡볶이&amp;새우강정,분식>떡볶이,경기도 성남시 분당구 서현동 297,경기도 성남시 분당구 돌마로486번길 12,국물
매운국물갈비찜,음식점>한식,경기도 성남시 분당구 정자동 133-4,경기도 성남시 분당구 내정로11번길 5,국물
두리부대찌개,"한식>찌개,전골",경기도 성남시 분당구 야탑동 289-2,경기도 성남시 분당구 장미로122번길 2,국물
대세신당동즉석쌀떡볶이&amp;양푼이매운갈비찜국물닭발,분식>떡볶이,경기도 성남시 분당구 정자동 135-3,경기도 성남시 분당구 불정로77번길 14,국물
라면국물편의점포차 서현역점,음식점>술집>포장마차,경기도 성남시 분당구 서현동 245-2,경기도 성남시 분당구 서현로210번길 1,국물
MAMA 국물떡볶이&amp;새우강정,분식>떡볶이,경기도 성남시 분당구 서현동 297,경기도 성남시 분당구 돌마로486번길 12,국물
매운국물갈비찜,음식점>한식,경기도 성남시 분당구 정자동 133-4,경기도 성남시 분당구 내정로11번길 5,국물
두리부대찌개,"한식>찌개,전골",경기도 성남시 분당구 야탑동 289-2,경기도 성남시 분당구 장미로122번길 2,국물
대세신당동즉석쌀떡볶이&amp;양푼이매운갈비찜국물닭발,분식>떡볶이,경기도 성남시 분당구 정자동 135-3,경기도 성남시 분당구 불정로77번길 14,국물
라면국물편의점포차 서현역점,음식점>술집>포장마차,경기도 성남시 분당구 서현동 245-2,경기도 성남시 분당구 서현로210번길 1,국물
MAMA 국물떡볶이&amp;새우강정,분식>떡볶이,경기도 성남시 분당구 서현동 297,경기도 성남시 분당구 돌마로486번길 12,국물
매운국물갈비찜,음식점>한식,경기도 성남시 분당구 정자동 133-4,경기도 성남시 분당구 내정로11번길 5,국물
두리부대찌개,"한식>찌개,전골",경기도 성남시 분당구 야탑동 289-2,경기도 성남시 분당구 장미로122번길 2,국물
대세신당동즉석쌀떡볶이&amp;양푼이매운갈비찜국물닭발,분식>떡볶이,경기도 성남시 분당구 정자동 135-3,경기도 성남시 분당구 불정로77번길 14,국물
라면국물편의점포차 서현역점,음식점>술집>포장마차,경기도 성남시 분당구 서현동 245-2,경기도 성남시 분당구 서현로210번길 1,국물
MAMA 국물떡볶이&amp;새우강정,분식>떡볶이,경기도 성남시 분당구 서현동 297,경기도 성남시 분당구 돌마로486번길 12,국물
매운국물갈비찜,음식점>한식,경기도 성남시 분당구 정자동 133-4,경기도 성남시 분당구 내정로11번길 5,국물
두리부대찌개,"한식>찌개,전골",경기도 성남시 분당구 야탑동 289-2,경기도 성남시 분당구 장미로122번길 2,국물
대세신당동즉석쌀떡볶이&amp;양푼이매운갈비찜국물닭발,분식>떡볶이,경기도 성남시 분당구 정자동 135-3,경기도 성남시 분당구 불정로77번길 14,국물
라면국물편의점포차 서현역점,음식점>술집>포장마차,경기도 성남시 분당구 서현동 245-2,경기도 성남시 분당구 서현로210번길 1,국물
MAMA 국물떡볶이&amp;새우강정,분식>떡볶이,경기도 성남시 분당구 서현동 297,경기도 성남시 분당구 돌마로486번길 12,국물
매운국물갈비찜,음식점>한식,경기도 성남시 분당구 정자동 133-4,경기도 성남시 분당구 내정로11번길 5,국물
두리부대찌개,"한식>찌개,전골",경기도 성남시 분당구 야탑동 289-2,경기도 성남시 분당구 장미로122번길 2,국물
대세신당동즉석쌀떡볶이&amp;양푼이매운갈비찜국물닭발,분식>떡볶이,경기도 성남시 분당구 정자동 135-3,경기도 성남시 분당구 불정로77번길 14,국물
라면국물편의점포차 서현역점,음식점>술집>포장마차,경기도 성남시 분당구 서현동 245-2,경기도 성남시 분당구 서현로210번길 1,국물
MAMA 국물떡볶이&amp;새우강정,분식>떡볶이,경기도 성남시 분당구 서현동 297,경기도 성남시 분당구 돌마로486번길 12,국물
매운국물갈비찜,음식점>한식,경기도 성남시 분당구 정자동 133-4,경기도 성남시 분당구 내정로11번길 5,국물
두리부대찌개,"한식>찌개,전골",경기도 성남시 분당구 야탑동 289-2,경기도 성남시 분당구 장미로122번길 2,국물
대세신당동즉석쌀떡볶이&amp;양푼이매운갈비찜국물닭발,분식>떡볶이,경기도 성남시 분당구 정자동 135-3,경기도 성남시 분당구 불정로77번길 14,국물
라면국물편의점포차 서현역점,음식점>술집>포장마차,경기도 성남시 분당구 서현동 245-2,경기도 성남시 분당구 서현로210번길 1,국물
MAMA 국물떡볶이&amp;새우강정,분식>떡볶이,경기도 성남시 분당구 서현동 297,경기도 성남시 분당구 돌마로486번길 12,국물
매운국물갈비찜,음식점>한식,경기도 성남시 분당구 정자동 133-4,경기도 성남시 분당구 내정로11번길 5,국물
두리부대찌개,"한식>찌개,전골",경기도 성남시 분당구 야탑동 289-2,경기도 성남시 분당구 장미로122번길 2,국물
대세신당동즉석쌀떡볶이&amp;양푼이매운갈비찜국물닭발,분식>떡볶이,경기도 성남시 분당구 정자동 135-3,경기도 성남시 분당구 불정로77번길 14,국물
라면국물편의점포차 서현역점,음식점>술집>포장마차,경기도 성남시 분당구 서현동 245-2,경기도 성남시 분당구 서현로210번길 1,국물
MAMA 국물떡볶이&amp;새우강정,분식>떡볶이,경기도 성남시 분당구 서현동 297,경기도 성남시 분당구 돌마로486번길 12,국물
매운국물갈비찜,음식점>한식,경기도 성남시 분당구 정자동 133-4,경기도 성남시 분당구 내정로11번길 5,국물
두리부대찌개,"한식>찌개,전골",경기도 성남시 분당구 야탑동 289-2,경기도 성남시 분당구 장미로122번길 2,국물
대세신당동즉석쌀떡볶이&amp;양푼이매운갈비찜국물닭발,분식>떡볶이,경기도 성남시 분당구 정자동 135-3,경기도 성남시 분당구 불정로77번길 14,국물
라면국물편의점포차 서현역점,음식점>술집>포장마차,경기도 성남시 분당구 서현동 245-2,경기도 성남시 분당구 서현로210번길 1,국물
MAMA 국물떡볶이&amp;새우강정,분식>떡볶이,경기도 성남시 분당구 서현동 297,경기도 성남시 분당구 돌마로486번길 12,국물
매운국물갈비찜,음식점>한식,경기도 성남시 분당구 정자동 133-4,경기도 성남시 분당구 내정로11번길 5,국물
두리부대찌개,"한식>찌개,전골",경기도 성남시 분당구 야탑동 289-2,경기도 성남시 분당구 장미로122번길 2,국물
대세신당동즉석쌀떡볶이&amp;양푼이매운갈비찜국물닭발,분식>떡볶이,경기도 성남시 분당구 정자동 135-3,경기도 성남시 분당구 불정로77번길 14,국물
라면국물편의점포차 서현역점,음식점>술집>포장마차,경기도 성남시 분당구 서현동 245-2,경기도 성남시 분당구 서현로210번길 1,국물
MAMA 국물떡볶이&amp;새우강정,분식>떡볶이,경기도 성남시 분당구 서현동 297,경기도 성남시 분당구 돌마로486번길 12,국물
매운국물갈비찜,음식점>한식,경기도 성남시 분당구 정자동 133-4,경기도 성남시 분당구 내정로11번길 5,국물
두리부대찌개,"한식>찌개,전골",경기도 성남시 분당구 야탑동 289-2,경기도 성남시 분당구 장미로122번길 2,국물
대세신당동즉석쌀떡볶이&amp;양푼이매운갈비찜국물닭발,분식>떡볶이,경기도 성남시 분당구 정자동 135-3,경기도 성남시 분당구 불정로77번길 14,국물
라면국물편의점포차 서현역점,음식점>술집>포장마차,경기도 성남시 분당구 서현동 245-2,경기도 성남시 분당구 서현로210번길 1,국물
MAMA 국물떡볶이&amp;새우강정,분식>떡볶이,경기도 성남시 분당구 서현동 297,경기도 성남시 분당구 돌마로486번길 12,국물
매운국물갈비찜,음식점>한식,경기도 성남시 분당구 정자동 133-4,경기도 성남시 분당구 내정로11번길 5,국물
두리부대찌개,"한식>찌개,전골",경기도 성남시 분당구 야탑동 289-2,경기도 성남시 분당구 장미로122번길 2,국물
대세신당동즉석쌀떡볶이&amp;양푼이매운갈비찜국물닭발,분식>떡볶이,경기도 성남시 분당구 정자동 135-3,경기도 성남시 분당구 불정로77번길 14,국물
라면국물편의점포차 서현역점,음식점>술집>포장마차,경기도 성남시 분당구 서현동 245-2,경기도 성남시 분당구 서현로210번길 1,국물
MAMA 국물떡볶이&amp;새우강정,분식>떡볶이,경기도 성남시 분당구 서현동 297,경기도 성남시 분당구 돌마로486번길 12,국물
매운국물갈비찜,음식점>한식,경기도 성남시 분당구 정자동 133-4,경기도 성남시 분당구 내정로11번길 5,국물
두리부대찌개,"한식>찌개,전골",경기도 성남시 분당구 야탑동 289-2,경기도 성남시 분당구 장미로122번길 2,국물
대세신당동즉석쌀떡볶이&amp;양푼이매운갈비찜국물닭발,분식>떡볶이,경기도 성남시 분당구 정자동 135-3,경기도 성남시 분당구 불정로77번길 14,국물
라면국물편의점포차 서현역점,음식점>술집>포장마차,경기도 성남시 분당구 서현동 245-2,경기도 성남시 분당구 서현로210번길 1,국물
MAMA 국물떡볶이&amp;새우강정,분식>떡볶이,경기도 성남시 분당구 서현동 297,경기도 성남시 분당구 돌마로486번길 12,국물
매운국물갈비찜,음식점>한식,경기도 성남시 분당구 정자동 133-4,경기도 성남시 분당구 내정로11번길 5,국물
두리부대찌개,"한식>찌개,전골",경기도 성남시 분당구 야탑동 289-2,경기도 성남시 분당구 장미로122번길 2,국물
대세신당동즉석쌀떡볶이&amp;양푼이매운갈비찜국물닭발,분식>떡볶이,경기도 성남시 분당구 정자동 135-3,경기도 성남시 분당구 불정로77번길 14,국물
라면국물편의점포차 서현역점,음식점>술집>포장마차,경기도 성남시 분당구 서현동 245-2,경기도 성남시 분당구 서현로210번길 1,국물
MAMA 국물떡볶이&amp;새우강정,분식>떡볶이,경기도 성남시 분당구 서현동 297,경기도 성남시 분당구 돌마로486번길 12,국물
매운국물갈비찜,음식점>한식,경기도 성남시 분당구 정자동 133-4,경기도 성남시 분당구 내정로11번길 5,국물
두리부대찌개,"한식>찌개,전골",경기도 성남시 분당구 야탑동 289-2,경기도 성남시 분당구 장미로122번길 2,국물
대세신당동즉석쌀떡볶이&amp;양푼이매운갈비찜국물닭발,분식>떡볶이,경기도 성남시 분당구 정자동 135-3,경기도 성남시 분당구 불정로77번길 14,국물
라면국물편의점포차 서현역점,음식점>술집>포장마차,경기도 성남시 분당구 서현동 245-2,경기도 성남시 분당구 서현로210번길 1,국물
MAMA 국물떡볶이&amp;새우강정,분식>떡볶이,경기도 성남시 분당구 서현동 297,경기도 성남시 분당구 돌마로486번길 12,국물
매운국물갈비찜,음식점>한식,경기도 성남시 분당구 정자동 133-4,경기도 성남시 분당구 내정로11번길 5,국물
두리부대찌개,"한식>찌개,전골",경기도 성남시 분당구 야탑동 289-2,경기도 성남시 분당구 장미로122번길 2,국물
대세신당동즉석쌀떡볶이&amp;양푼이매운갈비찜국물닭발,분식>떡볶이,경기도 성남시 분당구 정자동 135-3,경기도 성남시 분당구 불정로77번길 14,국물
라면국물편의점포차 서현역점,음식점>술집>포장마차,경기도 성남시 분당구 서현동 245-2,경기도 성남시 분당구 서현로210번길 1,국물
MAMA 국물떡볶이&amp;새우강정,분식>떡볶이,경기도 성남시 분당구 서현동 297,경기도 성남시 분당구 돌마로486번길 12,국물
매운국물갈비찜,음식점>한식,경기도 성남시 분당구 정자동 133-4,경기도 성남시 분당구 내정로11번길 5,국물
두리부대찌개,"한식>찌개,전골",경기도 성남시 분당구 야탑동 289-2,경기도 성남시 분당구 장미로122번길 2,국물
대세신당동즉석쌀떡볶이&amp;양푼이매운갈비찜국물닭발,분식>떡볶이,경기도 성남시 분당구 정자동 135-3,경기도 성남시 분당구 불정로77번길 14,국물
라면국물편의점포차 서현역점,음식점>술집>포장마차,경기도 성남시 분당구 서현동 245-2,경기도 성남시 분당구 서현로210번길 1,국물
MAMA 국물떡볶이&amp;새우강정,분식>떡볶이,경기도 성남시 분당구 서현동 297,경기도 성남시 분당구 돌마로486번길 12,국물
매운국물갈비찜,음식점>한식,경기도 성남시 분당구 정자동 133-4,경기도 성남시 분당구 내정로11번길 5,국물
두리부대찌개,"한식>찌개,전골",경기도 성남시 분당구 야탑동 289-2,경기도 성남시 분당구 장미로122번길 2,국물
대세신당동즉석쌀떡볶이&amp;양푼이매운갈비찜국물닭발,분식>떡볶이,경기도 성남시 분당구 정자동 135-3,경기도 성남시 분당구 불정로77번길 14,국물
라면국물편의점포차 서현역점,음식점>술집>포장마차,경기도 성남시 분당구 서현동 245-2,경기도 성남시 분당구 서현로210번길 1,국물
MAMA 국물떡볶이&amp;새우강정,분식>떡볶이,경기도 성남시 분당구 서현동 297,경기도 성남시 분당구 돌마로486번길 12,국물
매운국물갈비찜,음식점>한식,경기도 성남시 분당구 정자동 133-4,경기도 성남시 분당구 내정로11번길 5,국물
두리부대찌개,"한식>찌개,전골",경기도 성남시 분당구 야탑동 289-2,경기도 성남시 분당구 장미로122번길 2,국물
대세신당동즉석쌀떡볶이&amp;양푼이매운갈비찜국물닭발,분식>떡볶이,경기도 성남시 분당구 정자동 135-3,경기도 성남시 분당구 불정로77번길 14,국물
라면국물편의점포차 서현역점,음식점>술집>포장마차,경기도 성남시 분당구 서현동 245-2,경기도 성남시 분당구 서현로210번길 1,국물
MAMA 국물떡볶이&amp;새우강정,분식>떡볶이,경기도 성남시 분당구 서현동 297,경기도 성남시 분당구 돌마로486번길 12,국물
매운국물갈비찜,음식점>한식,경기도 성남시 분당구 정자동 133-4,경기도 성남시 분당구 내정로11번길 5,국물
광화문국밥 판교점,한식>국밥,경기도 성남시 분당구 백현동 537 알파돔타워 2층,경기도 성남시 분당구 판교역로 152 알파돔타워 2층,국밥
선영국밥,음식점>한식,경기도 성남시 분당구 정자동 10-1,경기도 성남시 분당구 정자일로213번길 19,국밥
명백집 분당점,한식>국밥,경기도 성남시 분당구 서현동 276-1 103호,경기도 성남시 분당구 황새울로 307 103호,국밥
유치회관 분당직영점,한식>해장국,경기도 성남시 분당구 금곡동 341-7,경기도 성남시 분당구 대왕판교로 140,국밥
서현순대 분당본점,"한식>순대,순댓국",경기도 성남시 분당구 서현동 256 1층,경기도 성남시 분당구 서현로180번길 19 1층,국밥
광화문국밥 판교점,한식>국밥,경기도 성남시 분당구 백현동 537 알파돔타워 2층,경기도 성남시 분당구 판교역로 152 알파돔타워 2층,국밥
선영국밥,음식점>한식,경기도 성남시 분당구 정자동 10-1,경기도 성남시 분당구 정자일로213번길 19,국밥
명백집 분당점,한식>국밥,경기도 성남시 분당구 서현동 276-1 103호,경기도 성남시 분당구 황새울로 307 103호,국밥
유치회관 분당직영점,한식>해장국,경기도 성남시 분당구 금곡동 341-7,경기도 성남시 분당구 대왕판교로 140,국밥
서현순대 분당본점,"한식>순대,순댓국",경기도 성남시 분당구 서현동 256 1층,경기도 성남시 분당구 서현로180번길 19 1층,국밥
광화문국밥 판교점,한식>국밥,경기도 성남시 분당구 백현동 537 알파돔타워 2층,경기도 성남시 분당구 판교역로 152 알파돔타워 2층,국밥
선영국밥,음식점>한식,경기도 성남시 분당구 정자동 10-1,경기도 성남시 분당구 정자일로213번길 19,국밥
명백집 분당점,한식>국밥,경기도 성남시 분당구 서현동 276-1 103호,경기도 성남시 분당구 황새울로 307 103호,국밥
유치회관 분당직영점,한식>해장국,경기도 성남시 분당구 금곡동 341-7,경기도 성남시 분당구 대왕판교로 140,국밥
서현순대 분당본점,"한식>순대,순댓국",경기도 성남시 분당구 서현동 256 1층,경기도 성남시 분당구 서현로180번길 19 1층,국밥
광화문국밥 판교점,한식>국밥,경기도 성남시 분당구 백현동 537 알파돔타워 2층,경기도 성남시 분당구 판교역로 152 알파돔타워 2층,국밥
선영국밥,음식점>한식,경기도 성남시 분당구 정자동 10-1,경기도 성남시 분당구 정자일로213번길 19,국밥
명백집 분당점,한식>국밥,경기도 성남시 분당구 서현동 276-1 103호,경기도 성남시 분당구 황새울로 307 103호,국밥
유치회관 분당직영점,한식>해장국,경기도 성남시 분당구 금곡동 341-7,경기도 성남시 분당구 대왕판교로 140,국밥
서현순대 분당본점,"한식>순대,순댓국",경기도 성남시 분당구 서현동 256 1층,경기도 성남시 분당구 서현로180번길 19 1층,국밥
광화문국밥 판교점,한식>국밥,경기도 성남시 분당구 백현동 537 알파돔타워 2층,경기도 성남시 분당구 판교역로 152 알파돔타워 2층,국밥
선영국밥,음식점>한식,경기도 성남시 분당구 정자동 10-1,경기도 성남시 분당구 정자일로213번길 19,국밥
명백집 분당점,한식>국밥,경기도 성남시 분당구 서현동 276-1 103호,경기도 성남시 분당구 황새울로 307 103호,국밥
유치회관 분당직영점,한식>해장국,경기도 성남시 분당구 금곡동 341-7,경기도 성남시 분당구 대왕판교로 140,국밥
서현순대 분당본점,"한식>순대,순댓국",경기도 성남시 분당구 서현동 256 1층,경기도 성남시 분당구 서현로180번길 19 1층,국밥
광화문국밥 판교점,한식>국밥,경기도 성남시 분당구 백현동 537 알파돔타워 2층,경기도 성남시 분당구 판교역로 152 알파돔타워 2층,국밥
선영국밥,음식점>한식,경기도 성남시 분당구 정자동 10-1,경기도 성남시 분당구 정자일로213번길 19,국밥
명백집 분당점,한식>국밥,경기도 성남시 분당구 서현동 276-1 103호,경기도 성남시 분당구 황새울로 307 103호,국밥
유치회관 분당직영점,한식>해장국,경기도 성남시 분당구 금곡동 341-7,경기도 성남시 분당구 대왕판교로 140,국밥
서현순대 분당본점,"한식>순대,순댓국",경기도 성남시 분당구 서현동 256 1층,경기도 성남시 분당구 서현로180번길 19 1층,국밥
광화문국밥 판교점,한식>국밥,경기도 성남시 분당구 백현동 537 알파돔타워 2층,경기도 성남시 분당구 판교역로 152 알파돔타워 2층,국밥
선영국밥,음식점>한식,경기도 성남시 분당구 정자동 10-1,경기도 성남시 분당구 정자일로213번길 19,국밥
명백집 분당점,한식>국밥,경기도 성남시 분당구 서현동 276-1 103호,경기도 성남시 분당구 황새울로 307 103호,국밥
유치회관 분당직영점,한식>해장국,경기도 성남시 분당구 금곡동 341-7,경기도 성남시 분당구 대왕판교로 140,국밥
서현순대 분당본점,"한식>순대,순댓국",경기도 성남시 분당구 서현동 256 1층,경기도 성남시 분당구 서현로180번길 19 1층,국밥
광화문국밥 판교점,한식>국밥,경기도 성남시 분당구 백현동 537 알파돔타워 2층,경기도 성남시 분당구 판교역로 152 알파돔타워 2층,국밥
선영국밥,음식점>한식,경기도 성남시 분당구 정자동 10-1,경기도 성남시 분당구 정자일로213번길 19,국밥
명백집 분당점,한식>국밥,경기도 성남시 분당구 서현동 276-1 103호,경기도 성남시 분당구 황새울로 307 103호,국밥
유치회관 분당직영점,한식>해장국,경기도 성남시 분당구 금곡동 341-7,경기도 성남시 분당구 대왕판교로 140,국밥
서현순대 분당본점,"한식>순대,순댓국",경기도 성남시 분당구 서현동 256 1층,경기도 성남시 분당구 서현로180번길 19 1층,국밥
광화문국밥 판교점,한식>국밥,경기도 성남시 분당구 백현동 537 알파돔타워 2층,경기도 성남시 분당구 판교역로 152 알파돔타워 2층,국밥
선영국밥,음식점>한식,경기도 성남시 분당구 정자동 10-1,경기도 성남시 분당구 정자일로213번길 19,국밥
명백집 분당점,한식>국밥,경기도 성남시 분당구 서현동 276-1 103호,경기도 성남시 분당구 황새울로 307 103호,국밥
유치회관 분당직영점,한식>해장국,경기도 성남시 분당구 금곡동 341-7,경기도 성남시 분당구 대왕판교로 140,국밥
서현순대 분당본점,"한식>순대,순댓국",경기도 성남시 분당구 서현동 256 1층,경기도 성남시 분당구 서현로180번길 19 1층,국밥
광화문국밥 판교점,한식>국밥,경기도 성남시 분당구 백현동 537 알파돔타워 2층,경기도 성남시 분당구 판교역로 152 알파돔타워 2층,국밥
선영국밥,음식점>한식,경기도 성남시 분당구 정자동 10-1,경기도 성남시 분당구 정자일로213번길 19,국밥
명백집 분당점,한식>국밥,경기도 성남시 분당구 서현동 276-1 103호,경기도 성남시 분당구 황새울로 307 103호,국밥
유치회관 분당직영점,한식>해장국,경기도 성남시 분당구 금곡동 341-7,경기도 성남시 분당구 대왕판교로 140,국밥
서현순대 분당본점,"한식>순대,순댓국",경기도 성남시 분당구 서현동 256 1층,경기도 성남시 분당구 서현로180번길 19 1층,국밥
광화문국밥 판교점,한식>국밥,경기도 성남시 분당구 백현동 537 알파돔타워 2층,경기도 성남시 분당구 판교역로 152 알파돔타워 2층,국밥
선영국밥,음식점>한식,경기도 성남시 분당구 정자동 10-1,경기도 성남시 분당구 정자일로213번길 19,국밥
명백집 분당점,한식>국밥,경기도 성남시 분당구 서현동 276-1 103호,경기도 성남시 분당구 황새울로 307 103호,국밥
유치회관 분당직영점,한식>해장국,경기도 성남시 분당구 금곡동 341-7,경기도 성남시 분당구 대왕판교로 140,국밥
서현순대 분당본점,"한식>순대,순댓국",경기도 성남시 분당구 서현동 256 1층,경기도 성남시 분당구 서현로180번길 19 1층,국밥
광화문국밥 판교점,한식>국밥,경기도 성남시 분당구 백현동 537 알파돔타워 2층,경기도 성남시 분당구 판교역로 152 알파돔타워 2층,국밥
선영국밥,음식점>한식,경기도 성남시 분당구 정자동 10-1,경기도 성남시 분당구 정자일로213번길 19,국밥
명백집 분당점,한식>국밥,경기도 성남시 분당구 서현동 276-1 103호,경기도 성남시 분당구 황새울로 307 103호,국밥
유치회관 분당직영점,한식>해장국,경기도 성남시 분당구 금곡동 341-7,경기도 성남시 분당구 대왕판교로 140,국밥
서현순대 분당본점,"한식>순대,순댓국",경기도 성남시 분당구 서현동 256 1층,경기도 성남시 분당구 서현로180번길 19 1층,국밥
광화문국밥 판교점,한식>국밥,경기도 성남시 분당구 백현동 537 알파돔타워 2층,경기도 성남시 분당구 판교역로 152 알파돔타워 2층,국밥
선영국밥,음식점>한식,경기도 성남시 분당구 정자동 10-1,경기도 성남시 분당구 정자일로213번길 19,국밥
명백집 분당점,한식>국밥,경기도 성남시 분당구 서현동 276-1 103호,경기도 성남시 분당구 황새울로 307 103호,국밥
유치회관 분당직영점,한식>해장국,경기도 성남시 분당구 금곡동 341-7,경기도 성남시 분당구 대왕판교로 140,국밥
서현순대 분당본점,"한식>순대,순댓국",경기도 성남시 분당구 서현동 256 1층,경기도 성남시 분당구 서현로180번길 19 1층,국밥
광화문국밥 판교점,한식>국밥,경기도 성남시 분당구 백현동 537 알파돔타워 2층,경기도 성남시 분당구 판교역로 152 알파돔타워 2층,국밥
선영국밥,음식점>한식,경기도 성남시 분당구 정자동 10-1,경기도 성남시 분당구 정자일로213번길 19,국밥
명백집 분당점,한식>국밥,경기도 성남시 분당구 서현동 276-1 103호,경기도 성남시 분당구 황새울로 307 103호,국밥
유치회관 분당직영점,한식>해장국,경기도 성남시 분당구 금곡동 341-7,경기도 성남시 분당구 대왕판교로 140,국밥
서현순대 분당본점,"한식>순대,순댓국",경기도 성남시 분당구 서현동 256 1층,경기도 성남시 분당구 서현로180번길 19 1층,국밥
광화문국밥 판교점,한식>국밥,경기도 성남시 분당구 백현동 537 알파돔타워 2층,경기도 성남시 분당구 판교역로 152 알파돔타워 2층,국밥
선영국밥,음식점>한식,경기도 성남시 분당구 정자동 10-1,경기도 성남시 분당구 정자일로213번길 19,국밥
명백집 분당점,한식>국밥,경기도 성남시 분당구 서현동 276-1 103호,경기도 성남시 분당구 황새울로 307 103호,국밥
유치회관 분당직영점,한식>해장국,경기도 성남시 분당구 금곡동 341-7,경기도 성남시 분당구 대왕판교로 140,국밥
서현순대 분당본점,"한식>순대,순댓국",경기도 성남시 분당구 서현동 256 1층,경기도 성남시 분당구 서현로180번길 19 1층,국밥
광화문국밥 판교점,한식>국밥,경기도 성남시 분당구 백현동 537 알파돔타워 2층,경기도 성남시 분당구 판교역로 152 알파돔타워 2층,국밥
선영국밥,음식점>한식,경기도 성남시 분당구 정자동 10-1,경기도 성남시 분당구 정자일로213번길 19,국밥
명백집 분당점,한식>국밥,경기도 성남시 분당구 서현동 276-1 103호,경기도 성남시 분당구 황새울로 307 103호,국밥
유치회관 분당직영점,한식>해장국,경기도 성남시 분당구 금곡동 341-7,경기도 성남시 분당구 대왕판교로 140,국밥
서현순대 분당본점,"한식>순대,순댓국",경기도 성남시 분당구 서현동 256 1층,경기도 성남시 분당구 서현로180번길 19 1층,국밥
광화문국밥 판교점,한식>국밥,경기도 성남시 분당구 백현동 537 알파돔타워 2층,경기도 성남시 분당구 판교역로 152 알파돔타워 2층,국밥
선영국밥,음식점>한식,경기도 성남시 분당구 정자동 10-1,경기도 성남시 분당구 정자일로213번길 19,국밥
명백집 분당점,한식>국밥,경기도 성남시 분당구 서현동 276-1 103호,경기도 성남시 분당구 황새울로 307 103호,국밥
유치회관 분당직영점,한식>해장국,경기도 성남시 분당구 금곡동 341-7,경기도 성남시 분당구 대왕판교로 140,국밥
서현순대 분당본점,"한식>순대,순댓국",경기도 성남시 분당구 서현동 256 1층,경기도 성남시 분당구 서현로180번길 19 1층,국밥
광화문국밥 판교점,한식>국밥,경기도 성남시 분당구 백현동 537 알파돔타워 2층,경기도 성남시 분당구 판교역로 152 알파돔타워 2층,국밥
선영국밥,음식점>한식,경기도 성남시 분당구 정자동 10-1,경기도 성남시 분당구 정자일로213번길 19,국밥
명백집 분당점,한식>국밥,경기도 성남시 분당구 서현동 276-1 103호,경기도 성남시 분당구 황새울로 307 103호,국밥
유치회관 분당직영점,한식>해장국,경기도 성남시 분당구 금곡동 341-7,경기도 성남시 분당구 대왕판교로 140,국밥
서현순대 분당본점,"한식>순대,순댓국",경기도 성남시 분당구 서현동 256 1층,경기도 성남시 분당구 서현로180번길 19 1층,국밥
광화문국밥 판교점,한식>국밥,경기도 성남시 분당구 백현동 537 알파돔타워 2층,경기도 성남시 분당구 판교역로 152 알파돔타워 2층,국밥
선영국밥,음식점>한식,경기도 성남시 분당구 정자동 10-1,경기도 성남시 분당구 정자일로213번길 19,국밥
명백집 분당점,한식>국밥,경기도 성남시 분당구 서현동 276-1 103호,경기도 성남시 분당구 황새울로 307 103호,국밥
유치회관 분당직영점,한식>해장국,경기도 성남시 분당구 금곡동 341-7,경기도 성남시 분당구 대왕판교로 140,국밥
서현순대 분당본점,"한식>순대,순댓국",경기도 성남시 분당구 서현동 256 1층,경기도 성남시 분당구 서현로180번길 19 1층,국밥
광화문국밥 판교점,한식>국밥,경기도 성남시 분당구 백현동 537 알파돔타워 2층,경기도 성남시 분당구 판교역로 152 알파돔타워 2층,국밥
선영국밥,음식점>한식,경기도 성남시 분당구 정자동 10-1,경기도 성남시 분당구 정자일로213번길 19,국밥
명백집 분당점,한식>국밥,경기도 성남시 분당구 서현동 276-1 103호,경기도 성남시 분당구 황새울로 307 103호,국밥
유치회관 분당직영점,한식>해장국,경기도 성남시 분당구 금곡동 341-7,경기도 성남시 분당구 대왕판교로 140,국밥
서현순대 분당본점,"한식>순대,순댓국",경기도 성남시 분당구 서현동 256 1층,경기도 성남시 분당구 서현로180번길 19 1층,국밥
느루집 판교아브뉴프랑점,한식>닭갈비,경기도 성남시 분당구 삼평동 740 2층 208호,경기도 성남시 분당구 동판교로177번길 25 2층 208호,부대찌개
두리부대찌개,"한식>찌개,전골",경기도 성남시 분당구 야탑동 289-2,경기도 성남시 분당구 장미로122번길 2,부대찌개
우주부대찌개,음식점>한식,경기도 성남시 분당구 구미동 182 제1동 제1층 104-2호,경기도 성남시 분당구 구미로9번길 25 제1동 제1층 104-2호,부대찌개
애햄부대찌개 정자직영점,"한식>찌개,전골",경기도 성남시 분당구 정자동 17-1 2층 203호 애햄부대찌개 정자직영점,경기도 성남시 분당구 느티로 16 2층 203호 애햄부대찌개 정자직영점,부대찌개
아들식당,"한식>찌개,전골",경기도 성남시 분당구 금곡동 166 이코노샤르망 2층 201호,경기도 성남시 분당구 돌마로 47 이코노샤르망 2층 201호,부대찌개
느루집 판교아브뉴프랑점,한식>닭갈비,경기도 성남시 분당구 삼평동 740 2층 208호,경기도 성남시 분당구 동판교로177번길 25 2층 208호,부대찌개
두리부대찌개,"한식>찌개,전골",경기도 성남시 분당구 야탑동 289-2,경기도 성남시 분당구 장미로122번길 2,부대찌개
우주부대찌개,음식점>한식,경기도 성남시 분당구 구미동 182 제1동 제1층 104-2호,경기도 성남시 분당구 구미로9번길 25 제1동 제1층 104-2호,부대찌개
애햄부대찌개 정자직영점,"한식>찌개,전골",경기도 성남시 분당구 정자동 17-1 2층 203호 애햄부대찌개 정자직영점,경기도 성남시 분당구 느티로 16 2층 203호 애햄부대찌개 정자직영점,부대찌개
아들식당,"한식>찌개,전골",경기도 성남시 분당구 금곡동 166 이코노샤르망 2층 201호,경기도 성남시 분당구 돌마로 47 이코노샤르망 2층 201호,부대찌개
느루집 판교아브뉴프랑점,한식>닭갈비,경기도 성남시 분당구 삼평동 740 2층 208호,경기도 성남시 분당구 동판교로177번길 25 2층 208호,부대찌개
두리부대찌개,"한식>찌개,전골",경기도 성남시 분당구 야탑동 289-2,경기도 성남시 분당구 장미로122번길 2,부대찌개
우주부대찌개,음식점>한식,경기도 성남시 분당구 구미동 182 제1동 제1층 104-2호,경기도 성남시 분당구 구미로9번길 25 제1동 제1층 104-2호,부대찌개
애햄부대찌개 정자직영점,"한식>찌개,전골",경기도 성남시 분당구 정자동 17-1 2층 203호 애햄부대찌개 정자직영점,경기도 성남시 분당구 느티로 16 2층 203호 애햄부대찌개 정자직영점,부대찌개
아들식당,"한식>찌개,전골",경기도 성남시 분당구 금곡동 166 이코노샤르망 2층 201호,경기도 성남시 분당구 돌마로 47 이코노샤르망 2층 201호,부대찌개
느루집 판교아브뉴프랑점,한식>닭갈비,경기도 성남시 분당구 삼평동 740 2층 208호,경기도 성남시 분당구 동판교로177번길 25 2층 208호,부대찌개
두리부대찌개,"한식>찌개,전골",경기도 성남시 분당구 야탑동 289-2,경기도 성남시 분당구 장미로122번길 2,부대찌개
우주부대찌개,음식점>한식,경기도 성남시 분당구 구미동 182 제1동 제1층 104-2호,경기도 성남시 분당구 구미로9번길 25 제1동 제1층 104-2호,부대찌개
애햄부대찌개 정자직영점,"한식>찌개,전골",경기도 성남시 분당구 정자동 17-1 2층 203호 애햄부대찌개 정자직영점,경기도 성남시 분당구 느티로 16 2층 203호 애햄부대찌개 정자직영점,부대찌개
아들식당,"한식>찌개,전골",경기도 성남시 분당구 금곡동 166 이코노샤르망 2층 201호,경기도 성남시 분당구 돌마로 47 이코노샤르망 2층 201호,부대찌개
느루집 판교아브뉴프랑점,한식>닭갈비,경기도 성남시 분당구 삼평동 740 2층 208호,경기도 성남시 분당구 동판교로177번길 25 2층 208호,부대찌개
두리부대찌개,"한식>찌개,전골",경기도 성남시 분당구 야탑동 289-2,경기도 성남시 분당구 장미로122번길 2,부대찌개
우주부대찌개,음식점>한식,경기도 성남시 분당구 구미동 182 제1동 제1층 104-2호,경기도 성남시 분당구 구미로9번길 25 제1동 제1층 104-2호,부대찌개
애햄부대찌개 정자직영점,"한식>찌개,전골",경기도 성남시 분당구 정자동 17-1 2층 203호 애햄부대찌개 정자직영점,경기도 성남시 분당구 느티로 16 2층 203호 애햄부대찌개 정자직영점,부대찌개
아들식당,"한식>찌개,전골",경기도 성남시 분당구 금곡동 166 이코노샤르망 2층 201호,경기도 성남시 분당구 돌마로 47 이코노샤르망 2층 201호,부대찌개
느루집 판교아브뉴프랑점,한식>닭갈비,경기도 성남시 분당구 삼평동 740 2층 208호,경기도 성남시 분당구 동판교로177번길 25 2층 208호,부대찌개
두리부대찌개,"한식>찌개,전골",경기도 성남시 분당구 야탑동 289-2,경기도 성남시 분당구 장미로122번길 2,부대찌개
우주부대찌개,음식점>한식,경기도 성남시 분당구 구미동 182 제1동 제1층 104-2호,경기도 성남시 분당구 구미로9번길 25 제1동 제1층 104-2호,부대찌개
애햄부대찌개 정자직영점,"한식>찌개,전골",경기도 성남시 분당구 정자동 17-1 2층 203호 애햄부대찌개 정자직영점,경기도 성남시 분당구 느티로 16 2층 203호 애햄부대찌개 정자직영점,부대찌개
아들식당,"한식>찌개,전골",경기도 성남시 분당구 금곡동 166 이코노샤르망 2층 201호,경기도 성남시 분당구 돌마로 47 이코노샤르망 2층 201호,부대찌개
느루집 판교아브뉴프랑점,한식>닭갈비,경기도 성남시 분당구 삼평동 740 2층 208호,경기도 성남시 분당구 동판교로177번길 25 2층 208호,부대찌개
두리부대찌개,"한식>찌개,전골",경기도 성남시 분당구 야탑동 289-2,경기도 성남시 분당구 장미로122번길 2,부대찌개
우주부대찌개,음식점>한식,경기도 성남시 분당구 구미동 182 제1동 제1층 104-2호,경기도 성남시 분당구 구미로9번길 25 제1동 제1층 104-2호,부대찌개
애햄부대찌개 정자직영점,"한식>찌개,전골",경기도 성남시 분당구 정자동 17-1 2층 203호 애햄부대찌개 정자직영점,경기도 성남시 분당구 느티로 16 2층 203호 애햄부대찌개 정자직영점,부대찌개
아들식당,"한식>찌개,전골",경기도 성남시 분당구 금곡동 166 이코노샤르망 2층 201호,경기도 성남시 분당구 돌마로 47 이코노샤르망 2층 201호,부대찌개
느루집 판교아브뉴프랑점,한식>닭갈비,경기도 성남시 분당구 삼평동 740 2층 208호,경기도 성남시 분당구 동판교로177번길 25 2층 208호,부대찌개
두리부대찌개,"한식>찌개,전골",경기도 성남시 분당구 야탑동 289-2,경기도 성남시 분당구 장미로122번길 2,부대찌개
우주부대찌개,음식점>한식,경기도 성남시 분당구 구미동 182 제1동 제1층 104-2호,경기도 성남시 분당구 구미로9번길 25 제1동 제1층 104-2호,부대찌개
애햄부대찌개 정자직영점,"한식>찌개,전골",경기도 성남시 분당구 정자동 17-1 2층 203호 애햄부대찌개 정자직영점,경기도 성남시 분당구 느티로 16 2층 203호 애햄부대찌개 정자직영점,부대찌개
아들식당,"한식>찌개,전골",경기도 성남시 분당구 금곡동 166 이코노샤르망 2층 201호,경기도 성남시 분당구 돌마로 47 이코노샤르망 2층 201호,부대찌개
느루집 판교아브뉴프랑점,한식>닭갈비,경기도 성남시 분당구 삼평동 740 2층 208호,경기도 성남시 분당구 동판교로177번길 25 2층 208호,부대찌개
두리부대찌개,"한식>찌개,전골",경기도 성남시 분당구 야탑동 289-2,경기도 성남시 분당구 장미로122번길 2,부대찌개
우주부대찌개,음식점>한식,경기도 성남시 분당구 구미동 182 제1동 제1층 104-2호,경기도 성남시 분당구 구미로9번길 25 제1동 제1층 104-2호,부대찌개
애햄부대찌개 정자직영점,"한식>찌개,전골",경기도 성남시 분당구 정자동 17-1 2층 203호 애햄부대찌개 정자직영점,경기도 성남시 분당구 느티로 16 2층 203호 애햄부대찌개 정자직영점,부대찌개
아들식당,"한식>찌개,전골",경기도 성남시 분당구 금곡동 166 이코노샤르망 2층 201호,경기도 성남시 분당구 돌마로 47 이코노샤르망 2층 201호,부대찌개
느루집 판교아브뉴프랑점,한식>닭갈비,경기도 성남시 분당구 삼평동 740 2층 208호,경기도 성남시 분당구 동판교로177번길 25 2층 208호,부대찌개
두리부대찌개,"한식>찌개,전골",경기도 성남시 분당구 야탑동 289-2,경기도 성남시 분당구 장미로122번길 2,부대찌개
우주부대찌개,음식점>한식,경기도 성남시 분당구 구미동 182 제1동 제1층 104-2호,경기도 성남시 분당구 구미로9번길 25 제1동 제1층 104-2호,부대찌개
애햄부대찌개 정자직영점,"한식>찌개,전골",경기도 성남시 분당구 정자동 17-1 2층 203호 애햄부대찌개 정자직영점,경기도 성남시 분당구 느티로 16 2층 203호 애햄부대찌개 정자직영점,부대찌개
아들식당,"한식>찌개,전골",경기도 성남시 분당구 금곡동 166 이코노샤르망 2층 201호,경기도 성남시 분당구 돌마로 47 이코노샤르망 2층 201호,부대찌개
느루집 판교아브뉴프랑점,한식>닭갈비,경기도 성남시 분당구 삼평동 740 2층 208호,경기도 성남시 분당구 동판교로177번길 25 2층 208호,부대찌개
두리부대찌개,"한식>찌개,전골",경기도 성남시 분당구 야탑동 289-2,경기도 성남시 분당구 장미로122번길 2,부대찌개
우주부대찌개,음식점>한식,경기도 성남시 분당구 구미동 182 제1동 제1층 104-2호,경기도 성남시 분당구 구미로9번길 25 제1동 제1층 104-2호,부대찌개
애햄부대찌개 정자직영점,"한식>찌개,전골",경기도 성남시 분당구 정자동 17-1 2층 203호 애햄부대찌개 정자직영점,경기도 성남시 분당구 느티로 16 2층 203호 애햄부대찌개 정자직영점,부대찌개
아들식당,"한식>찌개,전골",경기도 성남시 분당구 금곡동 166 이코노샤르망 2층 201호,경기도 성남시 분당구 돌마로 47 이코노샤르망 2층 201호,부대찌개
느루집 판교아브뉴프랑점,한식>닭갈비,경기도 성남시 분당구 삼평동 740 2층 208호,경기도 성남시 분당구 동판교로177번길 25 2층 208호,부대찌개
두리부대찌개,"한식>찌개,전골",경기도 성남시 분당구 야탑동 289-2,경기도 성남시 분당구 장미로122번길 2,부대찌개
우주부대찌개,음식점>한식,경기도 성남시 분당구 구미동 182 제1동 제1층 104-2호,경기도 성남시 분당구 구미로9번길 25 제1동 제1층 104-2호,부대찌개
애햄부대찌개 정자직영점,"한식>찌개,전골",경기도 성남시 분당구 정자동 17-1 2층 203호 애햄부대찌개 정자직영점,경기도 성남시 분당구 느티로 16 2층 203호 애햄부대찌개 정자직영점,부대찌개
아들식당,"한식>찌개,전골",경기도 성남시 분당구 금곡동 166 이코노샤르망 2층 201호,경기도 성남시 분당구 돌마로 47 이코노샤르망 2층 201호,부대찌개
느루집 판교아브뉴프랑점,한식>닭갈비,경기도 성남시 분당구 삼평동 740 2층 208호,경기도 성남시 분당구 동판교로177번길 25 2층 208호,부대찌개
두리부대찌개,"한식>찌개,전골",경기도 성남시 분당구 야탑동 289-2,경기도 성남시 분당구 장미로122번길 2,부대찌개
우주부대찌개,음식점>한식,경기도 성남시 분당구 구미동 182 제1동 제1층 104-2호,경기도 성남시 분당구 구미로9번길 25 제1동 제1층 104-2호,부대찌개
애햄부대찌개 정자직영점,"한식>찌개,전골",경기도 성남시 분당구 정자동 17-1 2층 203호 애햄부대찌개 정자직영점,경기도 성남시 분당구 느티로 16 2층 203호 애햄부대찌개 정자직영점,부대찌개
아들식당,"한식>찌개,전골",경기도 성남시 분당구 금곡동 166 이코노샤르망 2층 201호,경기도 성남시 분당구 돌마로 47 이코노샤르망 2층 201호,부대찌개
느루집 판교아브뉴프랑점,한식>닭갈비,경기도 성남시 분당구 삼평동 740 2층 208호,경기도 성남시 분당구 동판교로177번길 25 2층 208호,부대찌개
두리부대찌개,"한식>찌개,전골",경기도 성남시 분당구 야탑동 289-2,경기도 성남시 분당구 장미로122번길 2,부대찌개
우주부대찌개,음식점>한식,경기도 성남시 분당구 구미동 182 제1동 제1층 104-2호,경기도 성남시 분당구 구미로9번길 25 제1동 제1층 104-2호,부대찌개
애햄부대찌개 정자직영점,"한식>찌개,전골",경기도 성남시 분당구 정자동 17-1 2층 203호 애햄부대찌개 정자직영점,경기도 성남시 분당구 느티로 16 2층 203호 애햄부대찌개 정자직영점,부대찌개
아들식당,"한식>찌개,전골",경기도 성남시 분당구 금곡동 166 이코노샤르망 2층 201호,경기도 성남시 분당구 돌마로 47 이코노샤르망 2층 201호,부대찌개
느루집 판교아브뉴프랑점,한식>닭갈비,경기도 성남시 분당구 삼평동 740 2층 208호,경기도 성남시 분당구 동판교로177번길 25 2층 208호,부대찌개
두리부대찌개,"한식>찌개,전골",경기도 성남시 분당구 야탑동 289-2,경기도 성남시 분당구 장미로122번길 2,부대찌개
우주부대찌개,음식점>한식,경기도 성남시 분당구 구미동 182 제1동 제1층 104-2호,경기도 성남시 분당구 구미로9번길 25 제1동 제1층 104-2호,부대찌개
애햄부대찌개 정자직영점,"한식>찌개,전골",경기도 성남시 분당구 정자동 17-1 2층 203호 애햄부대찌개 정자직영점,경기도 성남시 분당구 느티로 16 2층 203호 애햄부대찌개 정자직영점,부대찌개
아들식당,"한식>찌개,전골",경기도 성남시 분당구 금곡동 166 이코노샤르망 2층 201호,경기도 성남시 분당구 돌마로 47 이코노샤르망 2층 201호,부대찌개
느루집 판교아브뉴프랑점,한식>닭갈비,경기도 성남시 분당구 삼평동 740 2층 208호,경기도 성남시 분당구 동판교로177번길 25 2층 208호,부대찌개
두리부대찌개,"한식>찌개,전골",경기도 성남시 분당구 야탑동 289-2,경기도 성남시 분당구 장미로122번길 2,부대찌개
우주부대찌개,음식점>한식,경기도 성남시 분당구 구미동 182 제1동 제1층 104-2호,경기도 성남시 분당구 구미로9번길 25 제1동 제1층 104-2호,부대찌개
애햄부대찌개 정자직영점,"한식>찌개,전골",경기도 성남시 분당구 정자동 17-1 2층 203호 애햄부대찌개 정자직영점,경기도 성남시 분당구 느티로 16 2층 203호 애햄부대찌개 정자직영점,부대찌개
아들식당,"한식>찌개,전골",경기도 성남시 분당구 금곡동 166 이코노샤르망 2층 201호,경기도 성남시 분당구 돌마로 47 이코노샤르망 2층 201호,부대찌개
느루집 판교아브뉴프랑점,한식>닭갈비,경기도 성남시 분당구 삼평동 740 2층 208호,경기도 성남시 분당구 동판교로177번길 25 2층 208호,부대찌개
두리부대찌개,"한식>찌개,전골",경기도 성남시 분당구 야탑동 289-2,경기도 성남시 분당구 장미로122번길 2,부대찌개
우주부대찌개,음식점>한식,경기도 성남시 분당구 구미동 182 제1동 제1층 104-2호,경기도 성남시 분당구 구미로9번길 25 제1동 제1층 104-2호,부대찌개
애햄부대찌개 정자직영점,"한식>찌개,전골",경기도 성남시 분당구 정자동 17-1 2층 203호 애햄부대찌개 정자직영점,경기도 성남시 분당구 느티로 16 2층 203호 애햄부대찌개 정자직영점,부대찌개
아들식당,"한식>찌개,전골",경기도 성남시 분당구 금곡동 166 이코노샤르망 2층 201호,경기도 성남시 분당구 돌마로 47 이코노샤르망 2층 201호,부대찌개
느루집 판교아브뉴프랑점,한식>닭갈비,경기도 성남시 분당구 삼평동 740 2층 208호,경기도 성남시 분당구 동판교로177번길 25 2층 208호,부대찌개
두리부대찌개,"한식>찌개,전골",경기도 성남시 분당구 야탑동 289-2,경기도 성남시 분당구 장미로122번길 2,부대찌개
우주부대찌개,음식점>한식,경기도 성남시 분당구 구미동 182 제1동 제1층 104-2호,경기도 성남시 분당구 구미로9번길 25 제1동 제1층 104-2호,부대찌개
애햄부대찌개 정자직영점,"한식>찌개,전골",경기도 성남시 분당구 정자동 17-1 2층 203호 애햄부대찌개 정자직영점,경기도 성남시 분당구 느티로 16 2층 203호 애햄부대찌개 정자직영점,부대찌개
아들식당,"한식>찌개,전골",경기도 성남시 분당구 금곡동 166 이코노샤르망 2층 201호,경기도 성남시 분당구 돌마로 47 이코노샤르망 2층 201호,부대찌개
느루집 판교아브뉴프랑점,한식>닭갈비,경기도 성남시 분당구 삼평동 740 2층 208호,경기도 성남시 분당구 동판교로177번길 25 2층 208호,부대찌개
두리부대찌개,"한식>찌개,전골",경기도 성남시 분당구 야탑동 289-2,경기도 성남시 분당구 장미로122번길 2,부대찌개
우주부대찌개,음식점>한식,경기도 성남시 분당구 구미동 182 제1동 제1층 104-2호,경기도 성남시 분당구 구미로9번길 25 제1동 제1층 104-2호,부대찌개
애햄부대찌개 정자직영점,"한식>찌개,전골",경기도 성남시 분당구 정자동 17-1 2층 203호 애햄부대찌개 정자직영점,경기도 성남시 분당구 느티로 16 2층 203호 애햄부대찌개 정자직영점,부대찌개
아들식당,"한식>찌개,전골",경기도 성남시 분당구 금곡동 166 이코노샤르망 2층 201호,경기도 성남시 분당구 돌마로 47 이코노샤르망 2층 201호,부대찌개
느루집 판교아브뉴프랑점,한식>닭갈비,경기도 성남시 분당구 삼평동 740 2층 208호,경기도 성남시 분당구 동판교로177번길 25 2층 208호,부대찌개
두리부대찌개,"한식>찌개,전골",경기도 성남시 분당구 야탑동 289-2,경기도 성남시 분당구 장미로122번길 2,부대찌개
우주부대찌개,음식점>한식,경기도 성남시 분당구 구미동 182 제1동 제1층 104-2호,경기도 성남시 분당구 구미로9번길 25 제1동 제1층 104-2호,부대찌개
애햄부대찌개 정자직영점,"한식>찌개,전골",경기도 성남시 분당구 정자동 17-1 2층 203호 애햄부대찌개 정자직영점,경기도 성남시 분당구 느티로 16 2층 203호 애햄부대찌개 정자직영점,부대찌개
아들식당,"한식>찌개,전골",경기도 성남시 분당구 금곡동 166 이코노샤르망 2층 201호,경기도 성남시 분당구 돌마로 47 이코노샤르망 2층 201호,부대찌개
곡하노이 베트남 정통 레스토랑,음식점>베트남음식,경기도 성남시 분당구 야탑동 366-4 2층 101호 곡하노이 베트남 정통 레스토랑,경기도 성남시 분당구 성남대로916번길 11 2층 101호 곡하노이 베트남 정통 레스토랑,쌀국수
몬안베띠 정자점,음식점>베트남음식,경기도 성남시 분당구 정자동 14-1 동양정자파라곤 1층 109호,경기도 성남시 분당구 정자일로 220 동양정자파라곤 1층 109호,쌀국수
화화돈 야탑역점,음식점>베트남음식,경기도 성남시 분당구 야탑동 353-3 1층 104호,경기도 성남시 분당구 양현로310번길 25 1층 104호,쌀국수
나나방콕 정자점,음식점>태국음식,"경기도 성남시 분당구 정자동 174-1 더샾스타파크 상가동 1층 D동 01, 02호","경기도 성남시 분당구 정자일로 121 더샾스타파크 상가동 1층 D동 01, 02호",쌀국수
미식당,음식점>베트남음식,경기도 성남시 분당구 수내동 32 금호행복시장 지하 1층 27호 미식당,경기도 성남시 분당구 내정로165번길 38 금호행복시장 지하 1층 27호 미식당,쌀국수
곡하노이 베트남 정통 레스토랑,음식점>베트남음식,경기도 성남시 분당구 야탑동 366-4 2층 101호 곡하노이 베트남 정통 레스토랑,경기도 성남시 분당구 성남대로916번길 11 2층 101호 곡하노이 베트남 정통 레스토랑,쌀국수
몬안베띠 정자점,음식점>베트남음식,경기도 성남시 분당구 정자동 14-1 동양정자파라곤 1층 109호,경기도 성남시 분당구 정자일로 220 동양정자파라곤 1층 109호,쌀국수
화화돈 야탑역점,음식점>베트남음식,경기도 성남시 분당구 야탑동 353-3 1층 104호,경기도 성남시 분당구 양현로310번길 25 1층 104호,쌀국수
나나방콕 정자점,음식점>태국음식,"경기도 성남시 분당구 정자동 174-1 더샾스타파크 상가동 1층 D동 01, 02호","경기도 성남시 분당구 정자일로 121 더샾스타파크 상가동 1층 D동 01, 02호",쌀국수
미식당,음식점>베트남음식,경기도 성남시 분당구 수내동 32 금호행복시장 지하 1층 27호 미식당,경기도 성남시 분당구 내정로165번길 38 금호행복시장 지하 1층 27호 미식당,쌀국수
곡하노이 베트남 정통 레스토랑,음식점>베트남음식,경기도 성남시 분당구 야탑동 366-4 2층 101호 곡하노이 베트남 정통 레스토랑,경기도 성남시 분당구 성남대로916번길 11 2층 101호 곡하노이 베트남 정통 레스토랑,쌀국수
몬안베띠 정자점,음식점>베트남음식,경기도 성남시 분당구 정자동 14-1 동양정자파라곤 1층 109호,경기도 성남시 분당구 정자일로 220 동양정자파라곤 1층 109호,쌀국수
화화돈 야탑역점,음식점>베트남음식,경기도 성남시 분당구 야탑동 353-3 1층 104호,경기도 성남시 분당구 양현로310번길 25 1층 104호,쌀국수
나나방콕 정자점,음식점>태국음식,"경기도 성남시 분당구 정자동 174-1 더샾스타파크 상가동 1층 D동 01, 02호","경기도 성남시 분당구 정자일로 121 더샾스타파크 상가동 1층 D동 01, 02호",쌀국수
미식당,음식점>베트남음식,경기도 성남시 분당구 수내동 32 금호행복시장 지하 1층 27호 미식당,경기도 성남시 분당구 내정로165번길 38 금호행복시장 지하 1층 27호 미식당,쌀국수
곡하노이 베트남 정통 레스토랑,음식점>베트남음식,경기도 성남시 분당구 야탑동 366-4 2층 101호 곡하노이 베트남 정통 레스토랑,경기도 성남시 분당구 성남대로916번길 11 2층 101호 곡하노이 베트남 정통 레스토랑,쌀국수
몬안베띠 정자점,음식점>베트남음식,경기도 성남시 분당구 정자동 14-1 동양정자파라곤 1층 109호,경기도 성남시 분당구 정자일로 220 동양정자파라곤 1층 109호,쌀국수
화화돈 야탑역점,음식점>베트남음식,경기도 성남시 분당구 야탑동 353-3 1층 104호,경기도 성남시 분당구 양현로310번길 25 1층 104호,쌀국수
나나방콕 정자점,음식점>태국음식,"경기도 성남시 분당구 정자동 174-1 더샾스타파크 상가동 1층 D동 01, 02호","경기도 성남시 분당구 정자일로 121 더샾스타파크 상가동 1층 D동 01, 02호",쌀국수
미식당,음식점>베트남음식,경기도 성남시 분당구 수내동 32 금호행복시장 지하 1층 27호 미식당,경기도 성남시 분당구 내정로165번길 38 금호행복시장 지하 1층 27호 미식당,쌀국수
곡하노이 베트남 정통 레스토랑,음식점>베트남음식,경기도 성남시 분당구 야탑동 366-4 2층 101호 곡하노이 베트남 정통 레스토랑,경기도 성남시 분당구 성남대로916번길 11 2층 101호 곡하노이 베트남 정통 레스토랑,쌀국수
몬안베띠 정자점,음식점>베트남음식,경기도 성남시 분당구 정자동 14-1 동양정자파라곤 1층 109호,경기도 성남시 분당구 정자일로 220 동양정자파라곤 1층 109호,쌀국수
화화돈 야탑역점,음식점>베트남음식,경기도 성남시 분당구 야탑동 353-3 1층 104호,경기도 성남시 분당구 양현로310번길 25 1층 104호,쌀국수
나나방콕 정자점,음식점>태국음식,"경기도 성남시 분당구 정자동 174-1 더샾스타파크 상가동 1층 D동 01, 02호","경기도 성남시 분당구 정자일로 121 더샾스타파크 상가동 1층 D동 01, 02호",쌀국수
미식당,음식점>베트남음식,경기도 성남시 분당구 수내동 32 금호행복시장 지하 1층 27호 미식당,경기도 성남시 분당구 내정로165번길 38 금호행복시장 지하 1층 27호 미식당,쌀국수
곡하노이 베트남 정통 레스토랑,음식점>베트남음식,경기도 성남시 분당구 야탑동 366-4 2층 101호 곡하노이 베트남 정통 레스토랑,경기도 성남시 분당구 성남대로916번길 11 2층 101호 곡하노이 베트남 정통 레스토랑,쌀국수
몬안베띠 정자점,음식점>베트남음식,경기도 성남시 분당구 정자동 14-1 동양정자파라곤 1층 109호,경기도 성남시 분당구 정자일로 220 동양정자파라곤 1층 109호,쌀국수
화화돈 야탑역점,음식점>베트남음식,경기도 성남시 분당구 야탑동 353-3 1층 104호,경기도 성남시 분당구 양현로310번길 25 1층 104호,쌀국수
나나방콕 정자점,음식점>태국음식,"경기도 성남시 분당구 정자동 174-1 더샾스타파크 상가동 1층 D동 01, 02호","경기도 성남시 분당구 정자일로 121 더샾스타파크 상가동 1층 D동 01, 02호",쌀국수
미식당,음식점>베트남음식,경기도 성남시 분당구 수내동 32 금호행복시장 지하 1층 27호 미식당,경기도 성남시 분당구 내정로165번길 38 금호행복시장 지하 1층 27호 미식당,쌀국수
곡하노이 베트남 정통 레스토랑,음식점>베트남음식,경기도 성남시 분당구 야탑동 366-4 2층 101호 곡하노이 베트남 정통 레스토랑,경기도 성남시 분당구 성남대로916번길 11 2층 101호 곡하노이 베트남 정통 레스토랑,쌀국수
몬안베띠 정자점,음식점>베트남음식,경기도 성남시 분당구 정자동 14-1 동양정자파라곤 1층 109호,경기도 성남시 분당구 정자일로 220 동양정자파라곤 1층 109호,쌀국수
화화돈 야탑역점,음식점>베트남음식,경기도 성남시 분당구 야탑동 353-3 1층 104호,경기도 성남시 분당구 양현로310번길 25 1층 104호,쌀국수
나나방콕 정자점,음식점>태국음식,"경기도 성남시 분당구 정자동 174-1 더샾스타파크 상가동 1층 D동 01, 02호","경기도 성남시 분당구 정자일로 121 더샾스타파크 상가동 1층 D동 01, 02호",쌀국수
미식당,음식점>베트남음식,경기도 성남시 분당구 수내동 32 금호행복시장 지하 1층 27호 미식당,경기도 성남시 분당구 내정로165번길 38 금호행복시장 지하 1층 27호 미식당,쌀국수
곡하노이 베트남 정통 레스토랑,음식점>베트남음식,경기도 성남시 분당구 야탑동 366-4 2층 101호 곡하노이 베트남 정통 레스토랑,경기도 성남시 분당구 성남대로916번길 11 2층 101호 곡하노이 베트남 정통 레스토랑,쌀국수
몬안베띠 정자점,음식점>베트남음식,경기도 성남시 분당구 정자동 14-1 동양정자파라곤 1층 109호,경기도 성남시 분당구 정자일로 220 동양정자파라곤 1층 109호,쌀국수
화화돈 야탑역점,음식점>베트남음식,경기도 성남시 분당구 야탑동 353-3 1층 104호,경기도 성남시 분당구 양현로310번길 25 1층 104호,쌀국수
나나방콕 정자점,음식점>태국음식,"경기도 성남시 분당구 정자동 174-1 더샾스타파크 상가동 1층 D동 01, 02호","경기도 성남시 분당구 정자일로 121 더샾스타파크 상가동 1층 D동 01, 02호",쌀국수
미식당,음식점>베트남음식,경기도 성남시 분당구 수내동 32 금호행복시장 지하 1층 27호 미식당,경기도 성남시 분당구 내정로165번길 38 금호행복시장 지하 1층 27호 미식당,쌀국수
곡하노이 베트남 정통 레스토랑,음식점>베트남음식,경기도 성남시 분당구 야탑동 366-4 2층 101호 곡하노이 베트남 정통 레스토랑,경기도 성남시 분당구 성남대로916번길 11 2층 101호 곡하노이 베트남 정통 레스토랑,쌀국수
몬안베띠 정자점,음식점>베트남음식,경기도 성남시 분당구 정자동 14-1 동양정자파라곤 1층 109호,경기도 성남시 분당구 정자일로 220 동양정자파라곤 1층 109호,쌀국수
화화돈 야탑역점,음식점>베트남음식,경기도 성남시 분당구 야탑동 353-3 1층 104호,경기도 성남시 분당구 양현로310번길 25 1층 104호,쌀국수
나나방콕 정자점,음식점>태국음식,"경기도 성남시 분당구 정자동 174-1 더샾스타파크 상가동 1층 D동 01, 02호","경기도 성남시 분당구 정자일로 121 더샾스타파크 상가동 1층 D동 01, 02호",쌀국수
미식당,음식점>베트남음식,경기도 성남시 분당구 수내동 32 금호행복시장 지하 1층 27호 미식당,경기도 성남시 분당구 내정로165번길 38 금호행복시장 지하 1층 27호 미식당,쌀국수
곡하노이 베트남 정통 레스토랑,음식점>베트남음식,경기도 성남시 분당구 야탑동 366-4 2층 101호 곡하노이 베트남 정통 레스토랑,경기도 성남시 분당구 성남대로916번길 11 2층 101호 곡하노이 베트남 정통 레스토랑,쌀국수
몬안베띠 정자점,음식점>베트남음식,경기도 성남시 분당구 정자동 14-1 동양정자파라곤 1층 109호,경기도 성남시 분당구 정자일로 220 동양정자파라곤 1층 109호,쌀국수
화화돈 야탑역점,음식점>베트남음식,경기도 성남시 분당구 야탑동 353-3 1층 104호,경기도 성남시 분당구 양현로310번길 25 1층 104호,쌀국수
나나방콕 정자점,음식점>태국음식,"경기도 성남시 분당구 정자동 174-1 더샾스타파크 상가동 1층 D동 01, 02호","경기도 성남시 분당구 정자일로 121 더샾스타파크 상가동 1층 D동 01, 02호",쌀국수
미식당,음식점>베트남음식,경기도 성남시 분당구 수내동 32 금호행복시장 지하 1층 27호 미식당,경기도 성남시 분당구 내정로165번길 38 금호행복시장 지하 1층 27호 미식당,쌀국수
곡하노이 베트남 정통 레스토랑,음식점>베트남음식,경기도 성남시 분당구 야탑동 366-4 2층 101호 곡하노이 베트남 정통 레스토랑,경기도 성남시 분당구 성남대로916번길 11 2층 101호 곡하노이 베트남 정통 레스토랑,쌀국수
몬안베띠 정자점,음식점>베트남음식,경기도 성남시 분당구 정자동 14-1 동양정자파라곤 1층 109호,경기도 성남시 분당구 정자일로 220 동양정자파라곤 1층 109호,쌀국수
화화돈 야탑역점,음식점>베트남음식,경기도 성남시 분당구 야탑동 353-3 1층 104호,경기도 성남시 분당구 양현로310번길 25 1층 104호,쌀국수
나나방콕 정자점,음식점>태국음식,"경기도 성남시 분당구 정자동 174-1 더샾스타파크 상가동 1층 D동 01, 02호","경기도 성남시 분당구 정자일로 121 더샾스타파크 상가동 1층 D동 01, 02호",쌀국수
미식당,음식점>베트남음식,경기도 성남시 분당구 수내동 32 금호행복시장 지하 1층 27호 미식당,경기도 성남시 분당구 내정로165번길 38 금호행복시장 지하 1층 27호 미식당,쌀국수
곡하노이 베트남 정통 레스토랑,음식점>베트남음식,경기도 성남시 분당구 야탑동 366-4 2층 101호 곡하노이 베트남 정통 레스토랑,경기도 성남시 분당구 성남대로916번길 11 2층 101호 곡하노이 베트남 정통 레스토랑,쌀국수
몬안베띠 정자점,음식점>베트남음식,경기도 성남시 분당구 정자동 14-1 동양정자파라곤 1층 109호,경기도 성남시 분당구 정자일로 220 동양정자파라곤 1층 109호,쌀국수
화화돈 야탑역점,음식점>베트남음식,경기도 성남시 분당구 야탑동 353-3 1층 104호,경기도 성남시 분당구 양현로310번길 25 1층 104호,쌀국수
나나방콕 정자점,음식점>태국음식,"경기도 성남시 분당구 정자동 174-1 더샾스타파크 상가동 1층 D동 01, 02호","경기도 성남시 분당구 정자일로 121 더샾스타파크 상가동 1층 D동 01, 02호",쌀국수
미식당,음식점>베트남음식,경기도 성남시 분당구 수내동 32 금호행복시장 지하 1층 27호 미식당,경기도 성남시 분당구 내정로165번길 38 금호행복시장 지하 1층 27호 미식당,쌀국수
곡하노이 베트남 정통 레스토랑,음식점>베트남음식,경기도 성남시 분당구 야탑동 366-4 2층 101호 곡하노이 베트남 정통 레스토랑,경기도 성남시 분당구 성남대로916번길 11 2층 101호 곡하노이 베트남 정통 레스토랑,쌀국수
몬안베띠 정자점,음식점>베트남음식,경기도 성남시 분당구 정자동 14-1 동양정자파라곤 1층 109호,경기도 성남시 분당구 정자일로 220 동양정자파라곤 1층 109호,쌀국수
화화돈 야탑역점,음식점>베트남음식,경기도 성남시 분당구 야탑동 353-3 1층 104호,경기도 성남시 분당구 양현로310번길 25 1층 104호,쌀국수
나나방콕 정자점,음식점>태국음식,"경기도 성남시 분당구 정자동 174-1 더샾스타파크 상가동 1층 D동 01, 02호","경기도 성남시 분당구 정자일로 121 더샾스타파크 상가동 1층 D동 01, 02호",쌀국수
미식당,음식점>베트남음식,경기도 성남시 분당구 수내동 32 금호행복시장 지하 1층 27호 미식당,경기도 성남시 분당구 내정로165번길 38 금호행복시장 지하 1층 27호 미식당,쌀국수
곡하노이 베트남 정통 레스토랑,음식점>베트남음식,경기도 성남시 분당구 야탑동 366-4 2층 101호 곡하노이 베트남 정통 레스토랑,경기도 성남시 분당구 성남대로916번길 11 2층 101호 곡하노이 베트남 정통 레스토랑,쌀국수
몬안베띠 정자점,음식점>베트남음식,경기도 성남시 분당구 정자동 14-1 동양정자파라곤 1층 109호,경기도 성남시 분당구 정자일로 220 동양정자파라곤 1층 109호,쌀국수
화화돈 야탑역점,음식점>베트남음식,경기도 성남시 분당구 야탑동 353-3 1층 104호,경기도 성남시 분당구 양현로310번길 25 1층 104호,쌀국수
나나방콕 정자점,음식점>태국음식,"경기도 성남시 분당구 정자동 174-1 더샾스타파크 상가동 1층 D동 01, 02호","경기도 성남시 분당구 정자일로 121 더샾스타파크 상가동 1층 D동 01, 02호",쌀국수
미식당,음식점>베트남음식,경기도 성남시 분당구 수내동 32 금호행복시장 지하 1층 27호 미식당,경기도 성남시 분당구 내정로165번길 38 금호행복시장 지하 1층 27호 미식당,쌀국수
곡하노이 베트남 정통 레스토랑,음식점>베트남음식,경기도 성남시 분당구 야탑동 366-4 2층 101호 곡하노이 베트남 정통 레스토랑,경기도 성남시 분당구 성남대로916번길 11 2층 101호 곡하노이 베트남 정통 레스토랑,쌀국수
몬안베띠 정자점,음식점>베트남음식,경기도 성남시 분당구 정자동 14-1 동양정자파라곤 1층 109호,경기도 성남시 분당구 정자일로 220 동양정자파라곤 1층 109호,쌀국수
화화돈 야탑역점,음식점>베트남음식,경기도 성남시 분당구 야탑동 353-3 1층 104호,경기도 성남시 분당구 양현로310번길 25 1층 104호,쌀국수
나나방콕 정자점,음식점>태국음식,"경기도 성남시 분당구 정자동 174-1 더샾스타파크 상가동 1층 D동 01, 02호","경기도 성남시 분당구 정자일로 121 더샾스타파크 상가동 1층 D동 01, 02호",쌀국수
미식당,음식점>베트남음식,경기도 성남시 분당구 수내동 32 금호행복시장 지하 1층 27호 미식당,경기도 성남시 분당구 내정로165번길 38 금호행복시장 지하 1층 27호 미식당,쌀국수
곡하노이 베트남 정통 레스토랑,음식점>베트남음식,경기도 성남시 분당구 야탑동 366-4 2층 101호 곡하노이 베트남 정통 레스토랑,경기도 성남시 분당구 성남대로916번길 11 2층 101호 곡하노이 베트남 정통 레스토랑,쌀국수
몬안베띠 정자점,음식점>베트남음식,경기도 성남시 분당구 정자동 14-1 동양정자파라곤 1층 109호,경기도 성남시 분당구 정자일로 220 동양정자파라곤 1층 109호,쌀국수
화화돈 야탑역점,음식점>베트남음식,경기도 성남시 분당구 야탑동 353-3 1층 104호,경기도 성남시 분당구 양현로310번길 25 1층 104호,쌀국수
나나방콕 정자점,음식점>태국음식,"경기도 성남시 분당구 정자동 174-1 더샾스타파크 상가동 1층 D동 01, 02호","경기도 성남시 분당구 정자일로 121 더샾스타파크 상가동 1층 D동 01, 02호",쌀국수
미식당,음식점>베트남음식,경기도 성남시 분당구 수내동 32 금호행복시장 지하 1층 27호 미식당,경기도 성남시 분당구 내정로165번길 38 금호행복시장 지하 1층 27호 미식당,쌀국수
곡하노이 베트남 정통 레스토랑,음식점>베트남음식,경기도 성남시 분당구 야탑동 366-4 2층 101호 곡하노이 베트남 정통 레스토랑,경기도 성남시 분당구 성남대로916번길 11 2층 101호 곡하노이 베트남 정통 레스토랑,쌀국수
몬안베띠 정자점,음식점>베트남음식,경기도 성남시 분당구 정자동 14-1 동양정자파라곤 1층 109호,경기도 성남시 분당구 정자일로 220 동양정자파라곤 1층 109호,쌀국수
화화돈 야탑역점,음식점>베트남음식,경기도 성남시 분당구 야탑동 353-3 1층 104호,경기도 성남시 분당구 양현로310번길 25 1층 104호,쌀국수
나나방콕 정자점,음식점>태국음식,"경기도 성남시 분당구 정자동 174-1 더샾스타파크 상가동 1층 D동 01, 02호","경기도 성남시 분당구 정자일로 121 더샾스타파크 상가동 1층 D동 01, 02호",쌀국수
미식당,음식점>베트남음식,경기도 성남시 분당구 수내동 32 금호행복시장 지하 1층 27호 미식당,경기도 성남시 분당구 내정로165번길 38 금호행복시장 지하 1층 27호 미식당,쌀국수
곡하노이 베트남 정통 레스토랑,음식점>베트남음식,경기도 성남시 분당구 야탑동 366-4 2층 101호 곡하노이 베트남 정통 레스토랑,경기도 성남시 분당구 성남대로916번길 11 2층 101호 곡하노이 베트남 정통 레스토랑,쌀국수
몬안베띠 정자점,음식점>베트남음식,경기도 성남시 분당구 정자동 14-1 동양정자파라곤 1층 109호,경기도 성남시 분당구 정자일로 220 동양정자파라곤 1층 109호,쌀국수
화화돈 야탑역점,음식점>베트남음식,경기도 성남시 분당구 야탑동 353-3 1층 104호,경기도 성남시 분당구 양현로310번길 25 1층 104호,쌀국수
나나방콕 정자점,음식점>태국음식,"경기도 성남시 분당구 정자동 174-1 더샾스타파크 상가동 1층 D동 01, 02호","경기도 성남시 분당구 정자일로 121 더샾스타파크 상가동 1층 D동 01, 02호",쌀국수
미식당,음식점>베트남음식,경기도 성남시 분당구 수내동 32 금호행복시장 지하 1층 27호 미식당,경기도 성남시 분당구 내정로165번길 38 금호행복시장 지하 1층 27호 미식당,쌀국수
곡하노이 베트남 정통 레스토랑,음식점>베트남음식,경기도 성남시 분당구 야탑동 366-4 2층 101호 곡하노이 베트남 정통 레스토랑,경기도 성남시 분당구 성남대로916번길 11 2층 101호 곡하노이 베트남 정통 레스토랑,쌀국수
몬안베띠 정자점,음식점>베트남음식,경기도 성남시 분당구 정자동 14-1 동양정자파라곤 1층 109호,경기도 성남시 분당구 정자일로 220 동양정자파라곤 1층 109호,쌀국수
화화돈 야탑역점,음식점>베트남음식,경기도 성남시 분당구 야탑동 353-3 1층 104호,경기도 성남시 분당구 양현로310번길 25 1층 104호,쌀국수
나나방콕 정자점,음식점>태국음식,"경기도 성남시 분당구 정자동 174-1 더샾스타파크 상가동 1층 D동 01, 02호","경기도 성남시 분당구 정자일로 121 더샾스타파크 상가동 1층 D동 01, 02호",쌀국수
미식당,음식점>베트남음식,경기도 성남시 분당구 수내동 32 금호행복시장 지하 1층 27호 미식당,경기도 성남시 분당구 내정로165번길 38 금호행복시장 지하 1층 27호 미식당,쌀국수
곡하노이 베트남 정통 레스토랑,음식점>베트남음식,경기도 성남시 분당구 야탑동 366-4 2층 101호 곡하노이 베트남 정통 레스토랑,경기도 성남시 분당구 성남대로916번길 11 2층 101호 곡하노이 베트남 정통 레스토랑,쌀국수
몬안베띠 정자점,음식점>베트남음식,경기도 성남시 분당구 정자동 14-1 동양정자파라곤 1층 109호,경기도 성남시 분당구 정자일로 220 동양정자파라곤 1층 109호,쌀국수
화화돈 야탑역점,음식점>베트남음식,경기도 성남시 분당구 야탑동 353-3 1층 104호,경기도 성남시 분당구 양현로310번길 25 1층 104호,쌀국수
나나방콕 정자점,음식점>태국음식,"경기도 성남시 분당구 정자동 174-1 더샾스타파크 상가동 1층 D동 01, 02호","경기도 성남시 분당구 정자일로 121 더샾스타파크 상가동 1층 D동 01, 02호",쌀국수
미식당,음식점>베트남음식,경기도 성남시 분당구 수내동 32 금호행복시장 지하 1층 27호 미식당,경기도 성남시 분당구 내정로165번길 38 금호행복시장 지하 1층 27호 미식당,쌀국수
블루샹하이,중식>중식당,경기도 성남시 분당구 정자동 16-2,경기도 성남시 분당구 정자일로 197,짬뽕
한옥반점,중식>중식당,경기도 성남시 분당구 서현동 117,경기도 성남시 분당구 새마을로51번길 2,짬뽕
신승반점 현대백화점 판교점,중식>중식당,경기도 성남시 분당구 백현동 541 현대백화점 판교점 B1 신승반점,경기도 성남시 분당구 판교역로146번길 20 현대백화점 판교점 B1 신승반점,짬뽕
루루 중식당,중식>중식당,경기도 성남시 분당구 서현동 328-4,경기도 성남시 분당구 효자길 29,짬뽕
야키토리잔잔 판교직영점,술집>이자카야,"경기도 성남시 분당구 삼평동 656 1층 107호, 108호, 109호","경기도 성남시 분당구 분당내곡로 151 1층 107호, 108호, 109호",짬뽕
블루샹하이,중식>중식당,경기도 성남시 분당구 정자동 16-2,경기도 성남시 분당구 정자일로 197,짬뽕
한옥반점,중식>중식당,경기도 성남시 분당구 서현동 117,경기도 성남시 분당구 새마을로51번길 2,짬뽕
신승반점 현대백화점 판교점,중식>중식당,경기도 성남시 분당구 백현동 541 현대백화점 판교점 B1 신승반점,경기도 성남시 분당구 판교역로146번길 20 현대백화점 판교점 B1 신승반점,짬뽕
루루 중식당,중식>중식당,경기도 성남시 분당구 서현동 328-4,경기도 성남시 분당구 효자길 29,짬뽕
야키토리잔잔 판교직영점,술집>이자카야,"경기도 성남시 분당구 삼평동 656 1층 107호, 108호, 109호","경기도 성남시 분당구 분당내곡로 151 1층 107호, 108호, 109호",짬뽕
블루샹하이,중식>중식당,경기도 성남시 분당구 정자동 16-2,경기도 성남시 분당구 정자일로 197,짬뽕
한옥반점,중식>중식당,경기도 성남시 분당구 서현동 117,경기도 성남시 분당구 새마을로51번길 2,짬뽕
신승반점 현대백화점 판교점,중식>중식당,경기도 성남시 분당구 백현동 541 현대백화점 판교점 B1 신승반점,경기도 성남시 분당구 판교역로146번길 20 현대백화점 판교점 B1 신승반점,짬뽕
루루 중식당,중식>중식당,경기도 성남시 분당구 서현동 328-4,경기도 성남시 분당구 효자길 29,짬뽕
야키토리잔잔 판교직영점,술집>이자카야,"경기도 성남시 분당구 삼평동 656 1층 107호, 108호, 109호","경기도 성남시 분당구 분당내곡로 151 1층 107호, 108호, 109호",짬뽕
블루샹하이,중식>중식당,경기도 성남시 분당구 정자동 16-2,경기도 성남시 분당구 정자일로 197,짬뽕
한옥반점,중식>중식당,경기도 성남시 분당구 서현동 117,경기도 성남시 분당구 새마을로51번길 2,짬뽕
신승반점 현대백화점 판교점,중식>중식당,경기도 성남시 분당구 백현동 541 현대백화점 판교점 B1 신승반점,경기도 성남시 분당구 판교역로146번길 20 현대백화점 판교점 B1 신승반점,짬뽕
루루 중식당,중식>중식당,경기도 성남시 분당구 서현동 328-4,경기도 성남시 분당구 효자길 29,짬뽕
야키토리잔잔 판교직영점,술집>이자카야,"경기도 성남시 분당구 삼평동 656 1층 107호, 108호, 109호","경기도 성남시 분당구 분당내곡로 151 1층 107호, 108호, 109호",짬뽕
블루샹하이,중식>중식당,경기도 성남시 분당구 정자동 16-2,경기도 성남시 분당구 정자일로 197,짬뽕
한옥반점,중식>중식당,경기도 성남시 분당구 서현동 117,경기도 성남시 분당구 새마을로51번길 2,짬뽕
신승반점 현대백화점 판교점,중식>중식당,경기도 성남시 분당구 백현동 541 현대백화점 판교점 B1 신승반점,경기도 성남시 분당구 판교역로146번길 20 현대백화점 판교점 B1 신승반점,짬뽕
루루 중식당,중식>중식당,경기도 성남시 분당구 서현동 328-4,경기도 성남시 분당구 효자길 29,짬뽕
야키토리잔잔 판교직영점,술집>이자카야,"경기도 성남시 분당구 삼평동 656 1층 107호, 108호, 109호","경기도 성남시 분당구 분당내곡로 151 1층 107호, 108호, 109호",짬뽕
블루샹하이,중식>중식당,경기도 성남시 분당구 정자동 16-2,경기도 성남시 분당구 정자일로 197,짬뽕
한옥반점,중식>중식당,경기도 성남시 분당구 서현동 117,경기도 성남시 분당구 새마을로51번길 2,짬뽕
신승반점 현대백화점 판교점,중식>중식당,경기도 성남시 분당구 백현동 541 현대백화점 판교점 B1 신승반점,경기도 성남시 분당구 판교역로146번길 20 현대백화점 판교점 B1 신승반점,짬뽕
루루 중식당,중식>중식당,경기도 성남시 분당구 서현동 328-4,경기도 성남시 분당구 효자길 29,짬뽕
야키토리잔잔 판교직영점,술집>이자카야,"경기도 성남시 분당구 삼평동 656 1층 107호, 108호, 109호","경기도 성남시 분당구 분당내곡로 151 1층 107호, 108호, 109호",짬뽕
블루샹하이,중식>중식당,경기도 성남시 분당구 정자동 16-2,경기도 성남시 분당구 정자일로 197,짬뽕
한옥반점,중식>중식당,경기도 성남시 분당구 서현동 117,경기도 성남시 분당구 새마을로51번길 2,짬뽕
신승반점 현대백화점 판교점,중식>중식당,경기도 성남시 분당구 백현동 541 현대백화점 판교점 B1 신승반점,경기도 성남시 분당구 판교역로146번길 20 현대백화점 판교점 B1 신승반점,짬뽕
루루 중식당,중식>중식당,경기도 성남시 분당구 서현동 328-4,경기도 성남시 분당구 효자길 29,짬뽕
야키토리잔잔 판교직영점,술집>이자카야,"경기도 성남시 분당구 삼평동 656 1층 107호, 108호, 109호","경기도 성남시 분당구 분당내곡로 151 1층 107호, 108호, 109호",짬뽕
블루샹하이,중식>중식당,경기도 성남시 분당구 정자동 16-2,경기도 성남시 분당구 정자일로 197,짬뽕
한옥반점,중식>중식당,경기도 성남시 분당구 서현동 117,경기도 성남시 분당구 새마을로51번길 2,짬뽕
신승반점 현대백화점 판교점,중식>중식당,경기도 성남시 분당구 백현동 541 현대백화점 판교점 B1 신승반점,경기도 성남시 분당구 판교역로146번길 20 현대백화점 판교점 B1 신승반점,짬뽕
루루 중식당,중식>중식당,경기도 성남시 분당구 서현동 328-4,경기도 성남시 분당구 효자길 29,짬뽕
야키토리잔잔 판교직영점,술집>이자카야,"경기도 성남시 분당구 삼평동 656 1층 107호, 108호, 109호","경기도 성남시 분당구 분당내곡로 151 1층 107호, 108호, 109호",짬뽕
블루샹하이,중식>중식당,경기도 성남시 분당구 정자동 16-2,경기도 성남시 분당구 정자일로 197,짬뽕
한옥반점,중식>중식당,경기도 성남시 분당구 서현동 117,경기도 성남시 분당구 새마을로51번길 2,짬뽕
신승반점 현대백화점 판교점,중식>중식당,경기도 성남시 분당구 백현동 541 현대백화점 판교점 B1 신승반점,경기도 성남시 분당구 판교역로146번길 20 현대백화점 판교점 B1 신승반점,짬뽕
루루 중식당,중식>중식당,경기도 성남시 분당구 서현동 328-4,경기도 성남시 분당구 효자길 29,짬뽕
야키토리잔잔 판교직영점,술집>이자카야,"경기도 성남시 분당구 삼평동 656 1층 107호, 108호, 109호","경기도 성남시 분당구 분당내곡로 151 1층 107호, 108호, 109호",짬뽕
블루샹하이,중식>중식당,경기도 성남시 분당구 정자동 16-2,경기도 성남시 분당구 정자일로 197,짬뽕
한옥반점,중식>중식당,경기도 성남시 분당구 서현동 117,경기도 성남시 분당구 새마을로51번길 2,짬뽕
신승반점 현대백화점 판교점,중식>중식당,경기도 성남시 분당구 백현동 541 현대백화점 판교점 B1 신승반점,경기도 성남시 분당구 판교역로146번길 20 현대백화점 판교점 B1 신승반점,짬뽕
루루 중식당,중식>중식당,경기도 성남시 분당구 서현동 328-4,경기도 성남시 분당구 효자길 29,짬뽕
야키토리잔잔 판교직영점,술집>이자카야,"경기도 성남시 분당구 삼평동 656 1층 107호, 108호, 109호","경기도 성남시 분당구 분당내곡로 151 1층 107호, 108호, 109호",짬뽕
블루샹하이,중식>중식당,경기도 성남시 분당구 정자동 16-2,경기도 성남시 분당구 정자일로 197,짬뽕
한옥반점,중식>중식당,경기도 성남시 분당구 서현동 117,경기도 성남시 분당구 새마을로51번길 2,짬뽕
신승반점 현대백화점 판교점,중식>중식당,경기도 성남시 분당구 백현동 541 현대백화점 판교점 B1 신승반점,경기도 성남시 분당구 판교역로146번길 20 현대백화점 판교점 B1 신승반점,짬뽕
루루 중식당,중식>중식당,경기도 성남시 분당구 서현동 328-4,경기도 성남시 분당구 효자길 29,짬뽕
야키토리잔잔 판교직영점,술집>이자카야,"경기도 성남시 분당구 삼평동 656 1층 107호, 108호, 109호","경기도 성남시 분당구 분당내곡로 151 1층 107호, 108호, 109호",짬뽕
블루샹하이,중식>중식당,경기도 성남시 분당구 정자동 16-2,경기도 성남시 분당구 정자일로 197,짬뽕
한옥반점,중식>중식당,경기도 성남시 분당구 서현동 117,경기도 성남시 분당구 새마을로51번길 2,짬뽕
신승반점 현대백화점 판교점,중식>중식당,경기도 성남시 분당구 백현동 541 현대백화점 판교점 B1 신승반점,경기도 성남시 분당구 판교역로146번길 20 현대백화점 판교점 B1 신승반점,짬뽕
루루 중식당,중식>중식당,경기도 성남시 분당구 서현동 328-4,경기도 성남시 분당구 효자길 29,짬뽕
야키토리잔잔 판교직영점,술집>이자카야,"경기도 성남시 분당구 삼평동 656 1층 107호, 108호, 109호","경기도 성남시 분당구 분당내곡로 151 1층 107호, 108호, 109호",짬뽕
블루샹하이,중식>중식당,경기도 성남시 분당구 정자동 16-2,경기도 성남시 분당구 정자일로 197,짬뽕
한옥반점,중식>중식당,경기도 성남시 분당구 서현동 117,경기도 성남시 분당구 새마을로51번길 2,짬뽕
신승반점 현대백화점 판교점,중식>중식당,경기도 성남시 분당구 백현동 541 현대백화점 판교점 B1 신승반점,경기도 성남시 분당구 판교역로146번길 20 현대백화점 판교점 B1 신승반점,짬뽕
루루 중식당,중식>중식당,경기도 성남시 분당구 서현동 328-4,경기도 성남시 분당구 효자길 29,짬뽕
야키토리잔잔 판교직영점,술집>이자카야,"경기도 성남시 분당구 삼평동 656 1층 107호, 108호, 109호","경기도 성남시 분당구 분당내곡로 151 1층 107호, 108호, 109호",짬뽕
블루샹하이,중식>중식당,경기도 성남시 분당구 정자동 16-2,경기도 성남시 분당구 정자일로 197,짬뽕
한옥반점,중식>중식당,경기도 성남시 분당구 서현동 117,경기도 성남시 분당구 새마을로51번길 2,짬뽕
신승반점 현대백화점 판교점,중식>중식당,경기도 성남시 분당구 백현동 541 현대백화점 판교점 B1 신승반점,경기도 성남시 분당구 판교역로146번길 20 현대백화점 판교점 B1 신승반점,짬뽕
루루 중식당,중식>중식당,경기도 성남시 분당구 서현동 328-4,경기도 성남시 분당구 효자길 29,짬뽕
야키토리잔잔 판교직영점,술집>이자카야,"경기도 성남시 분당구 삼평동 656 1층 107호, 108호, 109호","경기도 성남시 분당구 분당내곡로 151 1층 107호, 108호, 109호",짬뽕
블루샹하이,중식>중식당,경기도 성남시 분당구 정자동 16-2,경기도 성남시 분당구 정자일로 197,짬뽕
한옥반점,중식>중식당,경기도 성남시 분당구 서현동 117,경기도 성남시 분당구 새마을로51번길 2,짬뽕
신승반점 현대백화점 판교점,중식>중식당,경기도 성남시 분당구 백현동 541 현대백화점 판교점 B1 신승반점,경기도 성남시 분당구 판교역로146번길 20 현대백화점 판교점 B1 신승반점,짬뽕
루루 중식당,중식>중식당,경기도 성남시 분당구 서현동 328-4,경기도 성남시 분당구 효자길 29,짬뽕
야키토리잔잔 판교직영점,술집>이자카야,"경기도 성남시 분당구 삼평동 656 1층 107호, 108호, 109호","경기도 성남시 분당구 분당내곡로 151 1층 107호, 108호, 109호",짬뽕
블루샹하이,중식>중식당,경기도 성남시 분당구 정자동 16-2,경기도 성남시 분당구 정자일로 197,짬뽕
한옥반점,중식>중식당,경기도 성남시 분당구 서현동 117,경기도 성남시 분당구 새마을로51번길 2,짬뽕
신승반점 현대백화점 판교점,중식>중식당,경기도 성남시 분당구 백현동 541 현대백화점 판교점 B1 신승반점,경기도 성남시 분당구 판교역로146번길 20 현대백화점 판교점 B1 신승반점,짬뽕
루루 중식당,중식>중식당,경기도 성남시 분당구 서현동 328-4,경기도 성남시 분당구 효자길 29,짬뽕
야키토리잔잔 판교직영점,술집>이자카야,"경기도 성남시 분당구 삼평동 656 1층 107호, 108호, 109호","경기도 성남시 분당구 분당내곡로 151 1층 107호, 108호, 109호",짬뽕
블루샹하이,중식>중식당,경기도 성남시 분당구 정자동 16-2,경기도 성남시 분당구 정자일로 197,짬뽕
한옥반점,중식>중식당,경기도 성남시 분당구 서현동 117,경기도 성남시 분당구 새마을로51번길 2,짬뽕
신승반점 현대백화점 판교점,중식>중식당,경기도 성남시 분당구 백현동 541 현대백화점 판교점 B1 신승반점,경기도 성남시 분당구 판교역로146번길 20 현대백화점 판교점 B1 신승반점,짬뽕
루루 중식당,중식>중식당,경기도 성남시 분당구 서현동 328-4,경기도 성남시 분당구 효자길 29,짬뽕
야키토리잔잔 판교직영점,술집>이자카야,"경기도 성남시 분당구 삼평동 656 1층 107호, 108호, 109호","경기도 성남시 분당구 분당내곡로 151 1층 107호, 108호, 109호",짬뽕
블루샹하이,중식>중식당,경기도 성남시 분당구 정자동 16-2,경기도 성남시 분당구 정자일로 197,짬뽕
한옥반점,중식>중식당,경기도 성남시 분당구 서현동 117,경기도 성남시 분당구 새마을로51번길 2,짬뽕
신승반점 현대백화점 판교점,중식>중식당,경기도 성남시 분당구 백현동 541 현대백화점 판교점 B1 신승반점,경기도 성남시 분당구 판교역로146번길 20 현대백화점 판교점 B1 신승반점,짬뽕
루루 중식당,중식>중식당,경기도 성남시 분당구 서현동 328-4,경기도 성남시 분당구 효자길 29,짬뽕
야키토리잔잔 판교직영점,술집>이자카야,"경기도 성남시 분당구 삼평동 656 1층 107호, 108호, 109호","경기도 성남시 분당구 분당내곡로 151 1층 107호, 108호, 109호",짬뽕
블루샹하이,중식>중식당,경기도 성남시 분당구 정자동 16-2,경기도 성남시 분당구 정자일로 197,짬뽕
한옥반점,중식>중식당,경기도 성남시 분당구 서현동 117,경기도 성남시 분당구 새마을로51번길 2,짬뽕
신승반점 현대백화점 판교점,중식>중식당,경기도 성남시 분당구 백현동 541 현대백화점 판교점 B1 신승반점,경기도 성남시 분당구 판교역로146번길 20 현대백화점 판교점 B1 신승반점,짬뽕
루루 중식당,중식>중식당,경기도 성남시 분당구 서현동 328-4,경기도 성남시 분당구 효자길 29,짬뽕
야키토리잔잔 판교직영점,술집>이자카야,"경기도 성남시 분당구 삼평동 656 1층 107호, 108호, 109호","경기도 성남시 분당구 분당내곡로 151 1층 107호, 108호, 109호",짬뽕
블루샹하이,중식>중식당,경기도 성남시 분당구 정자동 16-2,경기도 성남시 분당구 정자일로 197,짬뽕
한옥반점,중식>중식당,경기도 성남시 분당구 서현동 117,경기도 성남시 분당구 새마을로51번길 2,짬뽕
신승반점 현대백화점 판교점,중식>중식당,경기도 성남시 분당구 백현동 541 현대백화점 판교점 B1 신승반점,경기도 성남시 분당구 판교역로146번길 20 현대백화점 판교점 B1 신승반점,짬뽕
루루 중식당,중식>중식당,경기도 성남시 분당구 서현동 328-4,경기도 성남시 분당구 효자길 29,짬뽕
야키토리잔잔 판교직영점,술집>이자카야,"경기도 성남시 분당구 삼평동 656 1층 107호, 108호, 109호","경기도 성남시 분당구 분당내곡로 151 1층 107호, 108호, 109호",짬뽕
라화방,중식>마라탕,"경기도 성남시 분당구 서현동 269-3 2층 201호(투썸 맞은편, 도아들,킹카노래방 2층)","경기도 성남시 분당구 분당로53번길 15 2층 201호(투썸 맞은편, 도아들,킹카노래방 2층)",마라탕
라화방 마라탕,중식>중식당,경기도 성남시 분당구 야탑동 353-3 1층 라화방마라탕,경기도 성남시 분당구 양현로310번길 25 1층 라화방마라탕,마라탕
소소객잔 분당정자점,중식>중식당,경기도 성남시 분당구 정자동 86-7 1층,경기도 성남시 분당구 느티로51번길 4-12 1층,마라탕
마라장룡 삼평점,중식>마라탕,경기도 성남시 분당구 삼평동 718 아파트상가건물 2층 202호,경기도 성남시 분당구 동판교로 226 아파트상가건물 2층 202호,마라탕
정통마라탕 수내점,중식>중식당,"경기도 성남시 분당구 수내동 19-2 1층 107호, 108호","경기도 성남시 분당구 백현로101번길 20 1층 107호, 108호",마라탕
라화방,중식>마라탕,"경기도 성남시 분당구 서현동 269-3 2층 201호(투썸 맞은편, 도아들,킹카노래방 2층)","경기도 성남시 분당구 분당로53번길 15 2층 201호(투썸 맞은편, 도아들,킹카노래방 2층)",마라탕
라화방 마라탕,중식>중식당,경기도 성남시 분당구 야탑동 353-3 1층 라화방마라탕,경기도 성남시 분당구 양현로310번길 25 1층 라화방마라탕,마라탕
소소객잔 분당정자점,중식>중식당,경기도 성남시 분당구 정자동 86-7 1층,경기도 성남시 분당구 느티로51번길 4-12 1층,마라탕
마라장룡 삼평점,중식>마라탕,경기도 성남시 분당구 삼평동 718 아파트상가건물 2층 202호,경기도 성남시 분당구 동판교로 226 아파트상가건물 2층 202호,마라탕
정통마라탕 수내점,중식>중식당,"경기도 성남시 분당구 수내동 19-2 1층 107호, 108호","경기도 성남시 분당구 백현로101번길 20 1층 107호, 108호",마라탕
라화방,중식>마라탕,"경기도 성남시 분당구 서현동 269-3 2층 201호(투썸 맞은편, 도아들,킹카노래방 2층)","경기도 성남시 분당구 분당로53번길 15 2층 201호(투썸 맞은편, 도아들,킹카노래방 2층)",마라탕
라화방 마라탕,중식>중식당,경기도 성남시 분당구 야탑동 353-3 1층 라화방마라탕,경기도 성남시 분당구 양현로310번길 25 1층 라화방마라탕,마라탕
소소객잔 분당정자점,중식>중식당,경기도 성남시 분당구 정자동 86-7 1층,경기도 성남시 분당구 느티로51번길 4-12 1층,마라탕
마라장룡 삼평점,중식>마라탕,경기도 성남시 분당구 삼평동 718 아파트상가건물 2층 202호,경기도 성남시 분당구 동판교로 226 아파트상가건물 2층 202호,마라탕
정통마라탕 수내점,중식>중식당,"경기도 성남시 분당구 수내동 19-2 1층 107호, 108호","경기도 성남시 분당구 백현로101번길 20 1층 107호, 108호",마라탕
라화방,중식>마라탕,"경기도 성남시 분당구 서현동 269-3 2층 201호(투썸 맞은편, 도아들,킹카노래방 2층)","경기도 성남시 분당구 분당로53번길 15 2층 201호(투썸 맞은편, 도아들,킹카노래방 2층)",마라탕
라화방 마라탕,중식>중식당,경기도 성남시 분당구 야탑동 353-3 1층 라화방마라탕,경기도 성남시 분당구 양현로310번길 25 1층 라화방마라탕,마라탕
소소객잔 분당정자점,중식>중식당,경기도 성남시 분당구 정자동 86-7 1층,경기도 성남시 분당구 느티로51번길 4-12 1층,마라탕
마라장룡 삼평점,중식>마라탕,경기도 성남시 분당구 삼평동 718 아파트상가건물 2층 202호,경기도 성남시 분당구 동판교로 226 아파트상가건물 2층 202호,마라탕
정통마라탕 수내점,중식>중식당,"경기도 성남시 분당구 수내동 19-2 1층 107호, 108호","경기도 성남시 분당구 백현로101번길 20 1층 107호, 108호",마라탕
라화방,중식>마라탕,"경기도 성남시 분당구 서현동 269-3 2층 201호(투썸 맞은편, 도아들,킹카노래방 2층)","경기도 성남시 분당구 분당로53번길 15 2층 201호(투썸 맞은편, 도아들,킹카노래방 2층)",마라탕
라화방 마라탕,중식>중식당,경기도 성남시 분당구 야탑동 353-3 1층 라화방마라탕,경기도 성남시 분당구 양현로310번길 25 1층 라화방마라탕,마라탕
소소객잔 분당정자점,중식>중식당,경기도 성남시 분당구 정자동 86-7 1층,경기도 성남시 분당구 느티로51번길 4-12 1층,마라탕
마라장룡 삼평점,중식>마라탕,경기도 성남시 분당구 삼평동 718 아파트상가건물 2층 202호,경기도 성남시 분당구 동판교로 226 아파트상가건물 2층 202호,마라탕
정통마라탕 수내점,중식>중식당,"경기도 성남시 분당구 수내동 19-2 1층 107호, 108호","경기도 성남시 분당구 백현로101번길 20 1층 107호, 108호",마라탕
라화방,중식>마라탕,"경기도 성남시 분당구 서현동 269-3 2층 201호(투썸 맞은편, 도아들,킹카노래방 2층)","경기도 성남시 분당구 분당로53번길 15 2층 201호(투썸 맞은편, 도아들,킹카노래방 2층)",마라탕
라화방 마라탕,중식>중식당,경기도 성남시 분당구 야탑동 353-3 1층 라화방마라탕,경기도 성남시 분당구 양현로310번길 25 1층 라화방마라탕,마라탕
소소객잔 분당정자점,중식>중식당,경기도 성남시 분당구 정자동 86-7 1층,경기도 성남시 분당구 느티로51번길 4-12 1층,마라탕
마라장룡 삼평점,중식>마라탕,경기도 성남시 분당구 삼평동 718 아파트상가건물 2층 202호,경기도 성남시 분당구 동판교로 226 아파트상가건물 2층 202호,마라탕
정통마라탕 수내점,중식>중식당,"경기도 성남시 분당구 수내동 19-2 1층 107호, 108호","경기도 성남시 분당구 백현로101번길 20 1층 107호, 108호",마라탕
라화방,중식>마라탕,"경기도 성남시 분당구 서현동 269-3 2층 201호(투썸 맞은편, 도아들,킹카노래방 2층)","경기도 성남시 분당구 분당로53번길 15 2층 201호(투썸 맞은편, 도아들,킹카노래방 2층)",마라탕
라화방 마라탕,중식>중식당,경기도 성남시 분당구 야탑동 353-3 1층 라화방마라탕,경기도 성남시 분당구 양현로310번길 25 1층 라화방마라탕,마라탕
소소객잔 분당정자점,중식>중식당,경기도 성남시 분당구 정자동 86-7 1층,경기도 성남시 분당구 느티로51번길 4-12 1층,마라탕
마라장룡 삼평점,중식>마라탕,경기도 성남시 분당구 삼평동 718 아파트상가건물 2층 202호,경기도 성남시 분당구 동판교로 226 아파트상가건물 2층 202호,마라탕
정통마라탕 수내점,중식>중식당,"경기도 성남시 분당구 수내동 19-2 1층 107호, 108호","경기도 성남시 분당구 백현로101번길 20 1층 107호, 108호",마라탕
라화방,중식>마라탕,"경기도 성남시 분당구 서현동 269-3 2층 201호(투썸 맞은편, 도아들,킹카노래방 2층)","경기도 성남시 분당구 분당로53번길 15 2층 201호(투썸 맞은편, 도아들,킹카노래방 2층)",마라탕
라화방 마라탕,중식>중식당,경기도 성남시 분당구 야탑동 353-3 1층 라화방마라탕,경기도 성남시 분당구 양현로310번길 25 1층 라화방마라탕,마라탕
소소객잔 분당정자점,중식>중식당,경기도 성남시 분당구 정자동 86-7 1층,경기도 성남시 분당구 느티로51번길 4-12 1층,마라탕
마라장룡 삼평점,중식>마라탕,경기도 성남시 분당구 삼평동 718 아파트상가건물 2층 202호,경기도 성남시 분당구 동판교로 226 아파트상가건물 2층 202호,마라탕
정통마라탕 수내점,중식>중식당,"경기도 성남시 분당구 수내동 19-2 1층 107호, 108호","경기도 성남시 분당구 백현로101번길 20 1층 107호, 108호",마라탕
라화방,중식>마라탕,"경기도 성남시 분당구 서현동 269-3 2층 201호(투썸 맞은편, 도아들,킹카노래방 2층)","경기도 성남시 분당구 분당로53번길 15 2층 201호(투썸 맞은편, 도아들,킹카노래방 2층)",마라탕
라화방 마라탕,중식>중식당,경기도 성남시 분당구 야탑동 353-3 1층 라화방마라탕,경기도 성남시 분당구 양현로310번길 25 1층 라화방마라탕,마라탕
소소객잔 분당정자점,중식>중식당,경기도 성남시 분당구 정자동 86-7 1층,경기도 성남시 분당구 느티로51번길 4-12 1층,마라탕
마라장룡 삼평점,중식>마라탕,경기도 성남시 분당구 삼평동 718 아파트상가건물 2층 202호,경기도 성남시 분당구 동판교로 226 아파트상가건물 2층 202호,마라탕
정통마라탕 수내점,중식>중식당,"경기도 성남시 분당구 수내동 19-2 1층 107호, 108호","경기도 성남시 분당구 백현로101번길 20 1층 107호, 108호",마라탕
라화방,중식>마라탕,"경기도 성남시 분당구 서현동 269-3 2층 201호(투썸 맞은편, 도아들,킹카노래방 2층)","경기도 성남시 분당구 분당로53번길 15 2층 201호(투썸 맞은편, 도아들,킹카노래방 2층)",마라탕
라화방 마라탕,중식>중식당,경기도 성남시 분당구 야탑동 353-3 1층 라화방마라탕,경기도 성남시 분당구 양현로310번길 25 1층 라화방마라탕,마라탕
소소객잔 분당정자점,중식>중식당,경기도 성남시 분당구 정자동 86-7 1층,경기도 성남시 분당구 느티로51번길 4-12 1층,마라탕
마라장룡 삼평점,중식>마라탕,경기도 성남시 분당구 삼평동 718 아파트상가건물 2층 202호,경기도 성남시 분당구 동판교로 226 아파트상가건물 2층 202호,마라탕
정통마라탕 수내점,중식>중식당,"경기도 성남시 분당구 수내동 19-2 1층 107호, 108호","경기도 성남시 분당구 백현로101번길 20 1층 107호, 108호",마라탕
라화방,중식>마라탕,"경기도 성남시 분당구 서현동 269-3 2층 201호(투썸 맞은편, 도아들,킹카노래방 2층)","경기도 성남시 분당구 분당로53번길 15 2층 201호(투썸 맞은편, 도아들,킹카노래방 2층)",마라탕
라화방 마라탕,중식>중식당,경기도 성남시 분당구 야탑동 353-3 1층 라화방마라탕,경기도 성남시 분당구 양현로310번길 25 1층 라화방마라탕,마라탕
소소객잔 분당정자점,중식>중식당,경기도 성남시 분당구 정자동 86-7 1층,경기도 성남시 분당구 느티로51번길 4-12 1층,마라탕
마라장룡 삼평점,중식>마라탕,경기도 성남시 분당구 삼평동 718 아파트상가건물 2층 202호,경기도 성남시 분당구 동판교로 226 아파트상가건물 2층 202호,마라탕
정통마라탕 수내점,중식>중식당,"경기도 성남시 분당구 수내동 19-2 1층 107호, 108호","경기도 성남시 분당구 백현로101번길 20 1층 107호, 108호",마라탕
라화방,중식>마라탕,"경기도 성남시 분당구 서현동 269-3 2층 201호(투썸 맞은편, 도아들,킹카노래방 2층)","경기도 성남시 분당구 분당로53번길 15 2층 201호(투썸 맞은편, 도아들,킹카노래방 2층)",마라탕
라화방 마라탕,중식>중식당,경기도 성남시 분당구 야탑동 353-3 1층 라화방마라탕,경기도 성남시 분당구 양현로310번길 25 1층 라화방마라탕,마라탕
소소객잔 분당정자점,중식>중식당,경기도 성남시 분당구 정자동 86-7 1층,경기도 성남시 분당구 느티로51번길 4-12 1층,마라탕
마라장룡 삼평점,중식>마라탕,경기도 성남시 분당구 삼평동 718 아파트상가건물 2층 202호,경기도 성남시 분당구 동판교로 226 아파트상가건물 2층 202호,마라탕
정통마라탕 수내점,중식>중식당,"경기도 성남시 분당구 수내동 19-2 1층 107호, 108호","경기도 성남시 분당구 백현로101번길 20 1층 107호, 108호",마라탕
라화방,중식>마라탕,"경기도 성남시 분당구 서현동 269-3 2층 201호(투썸 맞은편, 도아들,킹카노래방 2층)","경기도 성남시 분당구 분당로53번길 15 2층 201호(투썸 맞은편, 도아들,킹카노래방 2층)",마라탕
라화방 마라탕,중식>중식당,경기도 성남시 분당구 야탑동 353-3 1층 라화방마라탕,경기도 성남시 분당구 양현로310번길 25 1층 라화방마라탕,마라탕
소소객잔 분당정자점,중식>중식당,경기도 성남시 분당구 정자동 86-7 1층,경기도 성남시 분당구 느티로51번길 4-12 1층,마라탕
마라장룡 삼평점,중식>마라탕,경기도 성남시 분당구 삼평동 718 아파트상가건물 2층 202호,경기도 성남시 분당구 동판교로 226 아파트상가건물 2층 202호,마라탕
정통마라탕 수내점,중식>중식당,"경기도 성남시 분당구 수내동 19-2 1층 107호, 108호","경기도 성남시 분당구 백현로101번길 20 1층 107호, 108호",마라탕
라화방,중식>마라탕,"경기도 성남시 분당구 서현동 269-3 2층 201호(투썸 맞은편, 도아들,킹카노래방 2층)","경기도 성남시 분당구 분당로53번길 15 2층 201호(투썸 맞은편, 도아들,킹카노래방 2층)",마라탕
라화방 마라탕,중식>중식당,경기도 성남시 분당구 야탑동 353-3 1층 라화방마라탕,경기도 성남시 분당구 양현로310번길 25 1층 라화방마라탕,마라탕
소소객잔 분당정자점,중식>중식당,경기도 성남시 분당구 정자동 86-7 1층,경기도 성남시 분당구 느티로51번길 4-12 1층,마라탕
마라장룡 삼평점,중식>마라탕,경기도 성남시 분당구 삼평동 718 아파트상가건물 2층 202호,경기도 성남시 분당구 동판교로 226 아파트상가건물 2층 202호,마라탕
정통마라탕 수내점,중식>중식당,"경기도 성남시 분당구 수내동 19-2 1층 107호, 108호","경기도 성남시 분당구 백현로101번길 20 1층 107호, 108호",마라탕
라화방,중식>마라탕,"경기도 성남시 분당구 서현동 269-3 2층 201호(투썸 맞은편, 도아들,킹카노래방 2층)","경기도 성남시 분당구 분당로53번길 15 2층 201호(투썸 맞은편, 도아들,킹카노래방 2층)",마라탕
라화방 마라탕,중식>중식당,경기도 성남시 분당구 야탑동 353-3 1층 라화방마라탕,경기도 성남시 분당구 양현로310번길 25 1층 라화방마라탕,마라탕
소소객잔 분당정자점,중식>중식당,경기도 성남시 분당구 정자동 86-7 1층,경기도 성남시 분당구 느티로51번길 4-12 1층,마라탕
마라장룡 삼평점,중식>마라탕,경기도 성남시 분당구 삼평동 718 아파트상가건물 2층 202호,경기도 성남시 분당구 동판교로 226 아파트상가건물 2층 202호,마라탕
정통마라탕 수내점,중식>중식당,"경기도 성남시 분당구 수내동 19-2 1층 107호, 108호","경기도 성남시 분당구 백현로101번길 20 1층 107호, 108호",마라탕
라화방,중식>마라탕,"경기도 성남시 분당구 서현동 269-3 2층 201호(투썸 맞은편, 도아들,킹카노래방 2층)","경기도 성남시 분당구 분당로53번길 15 2층 201호(투썸 맞은편, 도아들,킹카노래방 2층)",마라탕
라화방 마라탕,중식>중식당,경기도 성남시 분당구 야탑동 353-3 1층 라화방마라탕,경기도 성남시 분당구 양현로310번길 25 1층 라화방마라탕,마라탕
소소객잔 분당정자점,중식>중식당,경기도 성남시 분당구 정자동 86-7 1층,경기도 성남시 분당구 느티로51번길 4-12 1층,마라탕
마라장룡 삼평점,중식>마라탕,경기도 성남시 분당구 삼평동 718 아파트상가건물 2층 202호,경기도 성남시 분당구 동판교로 226 아파트상가건물 2층 202호,마라탕
정통마라탕 수내점,중식>중식당,"경기도 성남시 분당구 수내동 19-2 1층 107호, 108호","경기도 성남시 분당구 백현로101번길 20 1층 107호, 108호",마라탕
라화방,중식>마라탕,"경기도 성남시 분당구 서현동 269-3 2층 201호(투썸 맞은편, 도아들,킹카노래방 2층)","경기도 성남시 분당구 분당로53번길 15 2층 201호(투썸 맞은편, 도아들,킹카노래방 2층)",마라탕
라화방 마라탕,중식>중식당,경기도 성남시 분당구 야탑동 353-3 1층 라화방마라탕,경기도 성남시 분당구 양현로310번길 25 1층 라화방마라탕,마라탕
소소객잔 분당정자점,중식>중식당,경기도 성남시 분당구 정자동 86-7 1층,경기도 성남시 분당구 느티로51번길 4-12 1층,마라탕
마라장룡 삼평점,중식>마라탕,경기도 성남시 분당구 삼평동 718 아파트상가건물 2층 202호,경기도 성남시 분당구 동판교로 226 아파트상가건물 2층 202호,마라탕
정통마라탕 수내점,중식>중식당,"경기도 성남시 분당구 수내동 19-2 1층 107호, 108호","경기도 성남시 분당구 백현로101번길 20 1층 107호, 108호",마라탕
라화방,중식>마라탕,"경기도 성남시 분당구 서현동 269-3 2층 201호(투썸 맞은편, 도아들,킹카노래방 2층)","경기도 성남시 분당구 분당로53번길 15 2층 201호(투썸 맞은편, 도아들,킹카노래방 2층)",마라탕
라화방 마라탕,중식>중식당,경기도 성남시 분당구 야탑동 353-3 1층 라화방마라탕,경기도 성남시 분당구 양현로310번길 25 1층 라화방마라탕,마라탕
소소객잔 분당정자점,중식>중식당,경기도 성남시 분당구 정자동 86-7 1층,경기도 성남시 분당구 느티로51번길 4-12 1층,마라탕
마라장룡 삼평점,중식>마라탕,경기도 성남시 분당구 삼평동 718 아파트상가건물 2층 202호,경기도 성남시 분당구 동판교로 226 아파트상가건물 2층 202호,마라탕
정통마라탕 수내점,중식>중식당,"경기도 성남시 분당구 수내동 19-2 1층 107호, 108호","경기도 성남시 분당구 백현로101번길 20 1층 107호, 108호",마라탕
라화방,중식>마라탕,"경기도 성남시 분당구 서현동 269-3 2층 201호(투썸 맞은편, 도아들,킹카노래방 2층)","경기도 성남시 분당구 분당로53번길 15 2층 201호(투썸 맞은편, 도아들,킹카노래방 2층)",마라탕
라화방 마라탕,중식>중식당,경기도 성남시 분당구 야탑동 353-3 1층 라화방마라탕,경기도 성남시 분당구 양현로310번길 25 1층 라화방마라탕,마라탕
소소객잔 분당정자점,중식>중식당,경기도 성남시 분당구 정자동 86-7 1층,경기도 성남시 분당구 느티로51번길 4-12 1층,마라탕
마라장룡 삼평점,중식>마라탕,경기도 성남시 분당구 삼평동 718 아파트상가건물 2층 202호,경기도 성남시 분당구 동판교로 226 아파트상가건물 2층 202호,마라탕
정통마라탕 수내점,중식>중식당,"경기도 성남시 분당구 수내동 19-2 1층 107호, 108호","경기도 성남시 분당구 백현로101번길 20 1층 107호, 108호",마라탕
라화방,중식>마라탕,"경기도 성남시 분당구 서현동 269-3 2층 201호(투썸 맞은편, 도아들,킹카노래방 2층)","경기도 성남시 분당구 분당로53번길 15 2층 201호(투썸 맞은편, 도아들,킹카노래방 2층)",마라탕
라화방 마라탕,중식>중식당,경기도 성남시 분당구 야탑동 353-3 1층 라화방마라탕,경기도 성남시 분당구 양현로310번길 25 1층 라화방마라탕,마라탕
소소객잔 분당정자점,중식>중식당,경기도 성남시 분당구 정자동 86-7 1층,경기도 성남시 분당구 느티로51번길 4-12 1층,마라탕
마라장룡 삼평점,중식>마라탕,경기도 성남시 분당구 삼평동 718 아파트상가건물 2층 202호,경기도 성남시 분당구 동판교로 226 아파트상가건물 2층 202호,마라탕
정통마라탕 수내점,중식>중식당,"경기도 성남시 분당구 수내동 19-2 1층 107호, 108호","경기도 성남시 분당구 백현로101번길 20 1층 107호, 108호",마라탕
죽여주는김치찜김치찌개 서현점,음식점>한식,경기도 성남시 분당구 서현동 272-1 서현하우비,경기도 성남시 분당구 황새울로 325 서현하우비,김치찌개
솜씨마을김치찌개,음식점>한식,경기도 성남시 분당구 구미동 179,경기도 성남시 분당구 구미로9번길 17,김치찌개
봄날에청국장,"한식>찌개,전골",경기도 성남시 분당구 정자동 14-3 동양정자파라곤 102동 지하상가 102호,경기도 성남시 분당구 정자일로 210 동양정자파라곤 102동 지하상가 102호,김치찌개
옥순식당,음식점>한식,경기도 성남시 분당구 서현동 250-4 금호리빙스텔 2층 205호,경기도 성남시 분당구 황새울로342번길 11 금호리빙스텔 2층 205호,김치찌개
듬박이찌개 판교점,"한식>찌개,전골",경기도 성남시 분당구 삼평동 680 1층 128호,경기도 성남시 분당구 판교역로 231 1층 128호,김치찌개
죽여주는김치찜김치찌개 서현점,음식점>한식,경기도 성남시 분당구 서현동 272-1 서현하우비,경기도 성남시 분당구 황새울로 325 서현하우비,김치찌개
솜씨마을김치찌개,음식점>한식,경기도 성남시 분당구 구미동 179,경기도 성남시 분당구 구미로9번길 17,김치찌개
봄날에청국장,"한식>찌개,전골",경기도 성남시 분당구 정자동 14-3 동양정자파라곤 102동 지하상가 102호,경기도 성남시 분당구 정자일로 210 동양정자파라곤 102동 지하상가 102호,김치찌개
옥순식당,음식점>한식,경기도 성남시 분당구 서현동 250-4 금호리빙스텔 2층 205호,경기도 성남시 분당구 황새울로342번길 11 금호리빙스텔 2층 205호,김치찌개
듬박이찌개 판교점,"한식>찌개,전골",경기도 성남시 분당구 삼평동 680 1층 128호,경기도 성남시 분당구 판교역로 231 1층 128호,김치찌개
죽여주는김치찜김치찌개 서현점,음식점>한식,경기도 성남시 분당구 서현동 272-1 서현하우비,경기도 성남시 분당구 황새울로 325 서현하우비,김치찌개
솜씨마을김치찌개,음식점>한식,경기도 성남시 분당구 구미동 179,경기도 성남시 분당구 구미로9번길 17,김치찌개
봄날에청국장,"한식>찌개,전골",경기도 성남시 분당구 정자동 14-3 동양정자파라곤 102동 지하상가 102호,경기도 성남시 분당구 정자일로 210 동양정자파라곤 102동 지하상가 102호,김치찌개
옥순식당,음식점>한식,경기도 성남시 분당구 서현동 250-4 금호리빙스텔 2층 205호,경기도 성남시 분당구 황새울로342번길 11 금호리빙스텔 2층 205호,김치찌개
듬박이찌개 판교점,"한식>찌개,전골",경기도 성남시 분당구 삼평동 680 1층 128호,경기도 성남시 분당구 판교역로 231 1층 128호,김치찌개
죽여주는김치찜김치찌개 서현점,음식점>한식,경기도 성남시 분당구 서현동 272-1 서현하우비,경기도 성남시 분당구 황새울로 325 서현하우비,김치찌개
솜씨마을김치찌개,음식점>한식,경기도 성남시 분당구 구미동 179,경기도 성남시 분당구 구미로9번길 17,김치찌개
봄날에청국장,"한식>찌개,전골",경기도 성남시 분당구 정자동 14-3 동양정자파라곤 102동 지하상가 102호,경기도 성남시 분당구 정자일로 210 동양정자파라곤 102동 지하상가 102호,김치찌개
옥순식당,음식점>한식,경기도 성남시 분당구 서현동 250-4 금호리빙스텔 2층 205호,경기도 성남시 분당구 황새울로342번길 11 금호리빙스텔 2층 205호,김치찌개
듬박이찌개 판교점,"한식>찌개,전골",경기도 성남시 분당구 삼평동 680 1층 128호,경기도 성남시 분당구 판교역로 231 1층 128호,김치찌개
죽여주는김치찜김치찌개 서현점,음식점>한식,경기도 성남시 분당구 서현동 272-1 서현하우비,경기도 성남시 분당구 황새울로 325 서현하우비,김치찌개
솜씨마을김치찌개,음식점>한식,경기도 성남시 분당구 구미동 179,경기도 성남시 분당구 구미로9번길 17,김치찌개
봄날에청국장,"한식>찌개,전골",경기도 성남시 분당구 정자동 14-3 동양정자파라곤 102동 지하상가 102호,경기도 성남시 분당구 정자일로 210 동양정자파라곤 102동 지하상가 102호,김치찌개
옥순식당,음식점>한식,경기도 성남시 분당구 서현동 250-4 금호리빙스텔 2층 205호,경기도 성남시 분당구 황새울로342번길 11 금호리빙스텔 2층 205호,김치찌개
듬박이찌개 판교점,"한식>찌개,전골",경기도 성남시 분당구 삼평동 680 1층 128호,경기도 성남시 분당구 판교역로 231 1층 128호,김치찌개
죽여주는김치찜김치찌개 서현점,음식점>한식,경기도 성남시 분당구 서현동 272-1 서현하우비,경기도 성남시 분당구 황새울로 325 서현하우비,김치찌개
솜씨마을김치찌개,음식점>한식,경기도 성남시 분당구 구미동 179,경기도 성남시 분당구 구미로9번길 17,김치찌개
봄날에청국장,"한식>찌개,전골",경기도 성남시 분당구 정자동 14-3 동양정자파라곤 102동 지하상가 102호,경기도 성남시 분당구 정자일로 210 동양정자파라곤 102동 지하상가 102호,김치찌개
옥순식당,음식점>한식,경기도 성남시 분당구 서현동 250-4 금호리빙스텔 2층 205호,경기도 성남시 분당구 황새울로342번길 11 금호리빙스텔 2층 205호,김치찌개
듬박이찌개 판교점,"한식>찌개,전골",경기도 성남시 분당구 삼평동 680 1층 128호,경기도 성남시 분당구 판교역로 231 1층 128호,김치찌개
죽여주는김치찜김치찌개 서현점,음식점>한식,경기도 성남시 분당구 서현동 272-1 서현하우비,경기도 성남시 분당구 황새울로 325 서현하우비,김치찌개
솜씨마을김치찌개,음식점>한식,경기도 성남시 분당구 구미동 179,경기도 성남시 분당구 구미로9번길 17,김치찌개
봄날에청국장,"한식>찌개,전골",경기도 성남시 분당구 정자동 14-3 동양정자파라곤 102동 지하상가 102호,경기도 성남시 분당구 정자일로 210 동양정자파라곤 102동 지하상가 102호,김치찌개
옥순식당,음식점>한식,경기도 성남시 분당구 서현동 250-4 금호리빙스텔 2층 205호,경기도 성남시 분당구 황새울로342번길 11 금호리빙스텔 2층 205호,김치찌개
듬박이찌개 판교점,"한식>찌개,전골",경기도 성남시 분당구 삼평동 680 1층 128호,경기도 성남시 분당구 판교역로 231 1층 128호,김치찌개
죽여주는김치찜김치찌개 서현점,음식점>한식,경기도 성남시 분당구 서현동 272-1 서현하우비,경기도 성남시 분당구 황새울로 325 서현하우비,김치찌개
솜씨마을김치찌개,음식점>한식,경기도 성남시 분당구 구미동 179,경기도 성남시 분당구 구미로9번길 17,김치찌개
봄날에청국장,"한식>찌개,전골",경기도 성남시 분당구 정자동 14-3 동양정자파라곤 102동 지하상가 102호,경기도 성남시 분당구 정자일로 210 동양정자파라곤 102동 지하상가 102호,김치찌개
옥순식당,음식점>한식,경기도 성남시 분당구 서현동 250-4 금호리빙스텔 2층 205호,경기도 성남시 분당구 황새울로342번길 11 금호리빙스텔 2층 205호,김치찌개
듬박이찌개 판교점,"한식>찌개,전골",경기도 성남시 분당구 삼평동 680 1층 128호,경기도 성남시 분당구 판교역로 231 1층 128호,김치찌개
죽여주는김치찜김치찌개 서현점,음식점>한식,경기도 성남시 분당구 서현동 272-1 서현하우비,경기도 성남시 분당구 황새울로 325 서현하우비,김치찌개
솜씨마을김치찌개,음식점>한식,경기도 성남시 분당구 구미동 179,경기도 성남시 분당구 구미로9번길 17,김치찌개
봄날에청국장,"한식>찌개,전골",경기도 성남시 분당구 정자동 14-3 동양정자파라곤 102동 지하상가 102호,경기도 성남시 분당구 정자일로 210 동양정자파라곤 102동 지하상가 102호,김치찌개
옥순식당,음식점>한식,경기도 성남시 분당구 서현동 250-4 금호리빙스텔 2층 205호,경기도 성남시 분당구 황새울로342번길 11 금호리빙스텔 2층 205호,김치찌개
듬박이찌개 판교점,"한식>찌개,전골",경기도 성남시 분당구 삼평동 680 1층 128호,경기도 성남시 분당구 판교역로 231 1층 128호,김치찌개
죽여주는김치찜김치찌개 서현점,음식점>한식,경기도 성남시 분당구 서현동 272-1 서현하우비,경기도 성남시 분당구 황새울로 325 서현하우비,김치찌개
솜씨마을김치찌개,음식점>한식,경기도 성남시 분당구 구미동 179,경기도 성남시 분당구 구미로9번길 17,김치찌개
봄날에청국장,"한식>찌개,전골",경기도 성남시 분당구 정자동 14-3 동양정자파라곤 102동 지하상가 102호,경기도 성남시 분당구 정자일로 210 동양정자파라곤 102동 지하상가 102호,김치찌개
옥순식당,음식점>한식,경기도 성남시 분당구 서현동 250-4 금호리빙스텔 2층 205호,경기도 성남시 분당구 황새울로342번길 11 금호리빙스텔 2층 205호,김치찌개
듬박이찌개 판교점,"한식>찌개,전골",경기도 성남시 분당구 삼평동 680 1층 128호,경기도 성남시 분당구 판교역로 231 1층 128호,김치찌개
죽여주는김치찜김치찌개 서현점,음식점>한식,경기도 성남시 분당구 서현동 272-1 서현하우비,경기도 성남시 분당구 황새울로 325 서현하우비,김치찌개
솜씨마을김치찌개,음식점>한식,경기도 성남시 분당구 구미동 179,경기도 성남시 분당구 구미로9번길 17,김치찌개
봄날에청국장,"한식>찌개,전골",경기도 성남시 분당구 정자동 14-3 동양정자파라곤 102동 지하상가 102호,경기도 성남시 분당구 정자일로 210 동양정자파라곤 102동 지하상가 102호,김치찌개
옥순식당,음식점>한식,경기도 성남시 분당구 서현동 250-4 금호리빙스텔 2층 205호,경기도 성남시 분당구 황새울로342번길 11 금호리빙스텔 2층 205호,김치찌개
듬박이찌개 판교점,"한식>찌개,전골",경기도 성남시 분당구 삼평동 680 1층 128호,경기도 성남시 분당구 판교역로 231 1층 128호,김치찌개
죽여주는김치찜김치찌개 서현점,음식점>한식,경기도 성남시 분당구 서현동 272-1 서현하우비,경기도 성남시 분당구 황새울로 325 서현하우비,김치찌개
솜씨마을김치찌개,음식점>한식,경기도 성남시 분당구 구미동 179,경기도 성남시 분당구 구미로9번길 17,김치찌개
봄날에청국장,"한식>찌개,전골",경기도 성남시 분당구 정자동 14-3 동양정자파라곤 102동 지하상가 102호,경기도 성남시 분당구 정자일로 210 동양정자파라곤 102동 지하상가 102호,김치찌개
옥순식당,음식점>한식,경기도 성남시 분당구 서현동 250-4 금호리빙스텔 2층 205호,경기도 성남시 분당구 황새울로342번길 11 금호리빙스텔 2층 205호,김치찌개
듬박이찌개 판교점,"한식>찌개,전골",경기도 성남시 분당구 삼평동 680 1층 128호,경기도 성남시 분당구 판교역로 231 1층 128호,김치찌개
죽여주는김치찜김치찌개 서현점,음식점>한식,경기도 성남시 분당구 서현동 272-1 서현하우비,경기도 성남시 분당구 황새울로 325 서현하우비,김치찌개
솜씨마을김치찌개,음식점>한식,경기도 성남시 분당구 구미동 179,경기도 성남시 분당구 구미로9번길 17,김치찌개
봄날에청국장,"한식>찌개,전골",경기도 성남시 분당구 정자동 14-3 동양정자파라곤 102동 지하상가 102호,경기도 성남시 분당구 정자일로 210 동양정자파라곤 102동 지하상가 102호,김치찌개
옥순식당,음식점>한식,경기도 성남시 분당구 서현동 250-4 금호리빙스텔 2층 205호,경기도 성남시 분당구 황새울로342번길 11 금호리빙스텔 2층 205호,김치찌개
듬박이찌개 판교점,"한식>찌개,전골",경기도 성남시 분당구 삼평동 680 1층 128호,경기도 성남시 분당구 판교역로 231 1층 128호,김치찌개
죽여주는김치찜김치찌개 서현점,음식점>한식,경기도 성남시 분당구 서현동 272-1 서현하우비,경기도 성남시 분당구 황새울로 325 서현하우비,김치찌개
솜씨마을김치찌개,음식점>한식,경기도 성남시 분당구 구미동 179,경기도 성남시 분당구 구미로9번길 17,김치찌개
봄날에청국장,"한식>찌개,전골",경기도 성남시 분당구 정자동 14-3 동양정자파라곤 102동 지하상가 102호,경기도 성남시 분당구 정자일로 210 동양정자파라곤 102동 지하상가 102호,김치찌개
옥순식당,음식점>한식,경기도 성남시 분당구 서현동 250-4 금호리빙스텔 2층 205호,경기도 성남시 분당구 황새울로342번길 11 금호리빙스텔 2층 205호,김치찌개
듬박이찌개 판교점,"한식>찌개,전골",경기도 성남시 분당구 삼평동 680 1층 128호,경기도 성남시 분당구 판교역로 231 1층 128호,김치찌개
죽여주는김치찜김치찌개 서현점,음식점>한식,경기도 성남시 분당구 서현동 272-1 서현하우비,경기도 성남시 분당구 황새울로 325 서현하우비,김치찌개
솜씨마을김치찌개,음식점>한식,경기도 성남시 분당구 구미동 179,경기도 성남시 분당구 구미로9번길 17,김치찌개
봄날에청국장,"한식>찌개,전골",경기도 성남시 분당구 정자동 14-3 동양정자파라곤 102동 지하상가 102호,경기도 성남시 분당구 정자일로 210 동양정자파라곤 102동 지하상가 102호,김치찌개
옥순식당,음식점>한식,경기도 성남시 분당구 서현동 250-4 금호리빙스텔 2층 205호,경기도 성남시 분당구 황새울로342번길 11 금호리빙스텔 2층 205호,김치찌개
듬박이찌개 판교점,"한식>찌개,전골",경기도 성남시 분당구 삼평동 680 1층 128호,경기도 성남시 분당구 판교역로 231 1층 128호,김치찌개
죽여주는김치찜김치찌개 서현점,음식점>한식,경기도 성남시 분당구 서현동 272-1 서현하우비,경기도 성남시 분당구 황새울로 325 서현하우비,김치찌개
솜씨마을김치찌개,음식점>한식,경기도 성남시 분당구 구미동 179,경기도 성남시 분당구 구미로9번길 17,김치찌개
봄날에청국장,"한식>찌개,전골",경기도 성남시 분당구 정자동 14-3 동양정자파라곤 102동 지하상가 102호,경기도 성남시 분당구 정자일로 210 동양정자파라곤 102동 지하상가 102호,김치찌개
옥순식당,음식점>한식,경기도 성남시 분당구 서현동 250-4 금호리빙스텔 2층 205호,경기도 성남시 분당구 황새울로342번길 11 금호리빙스텔 2층 205호,김치찌개
듬박이찌개 판교점,"한식>찌개,전골",경기도 성남시 분당구 삼평동 680 1층 128호,경기도 성남시 분당구 판교역로 231 1층 128호,김치찌개
죽여주는김치찜김치찌개 서현점,음식점>한식,경기도 성남시 분당구 서현동 272-1 서현하우비,경기도 성남시 분당구 황새울로 325 서현하우비,김치찌개
솜씨마을김치찌개,음식점>한식,경기도 성남시 분당구 구미동 179,경기도 성남시 분당구 구미로9번길 17,김치찌개
봄날에청국장,"한식>찌개,전골",경기도 성남시 분당구 정자동 14-3 동양정자파라곤 102동 지하상가 102호,경기도 성남시 분당구 정자일로 210 동양정자파라곤 102동 지하상가 102호,김치찌개
옥순식당,음식점>한식,경기도 성남시 분당구 서현동 250-4 금호리빙스텔 2층 205호,경기도 성남시 분당구 황새울로342번길 11 금호리빙스텔 2층 205호,김치찌개
듬박이찌개 판교점,"한식>찌개,전골",경기도 성남시 분당구 삼평동 680 1층 128호,경기도 성남시 분당구 판교역로 231 1층 128호,김치찌개
죽여주는김치찜김치찌개 서현점,음식점>한식,경기도 성남시 분당구 서현동 272-1 서현하우비,경기도 성남시 분당구 황새울로 325 서현하우비,김치찌개
솜씨마을김치찌개,음식점>한식,경기도 성남시 분당구 구미동 179,경기도 성남시 분당구 구미로9번길 17,김치찌개
봄날에청국장,"한식>찌개,전골",경기도 성남시 분당구 정자동 14-3 동양정자파라곤 102동 지하상가 102호,경기도 성남시 분당구 정자일로 210 동양정자파라곤 102동 지하상가 102호,김치찌개
옥순식당,음식점>한식,경기도 성남시 분당구 서현동 250-4 금호리빙스텔 2층 205호,경기도 성남시 분당구 황새울로342번길 11 금호리빙스텔 2층 205호,김치찌개
듬박이찌개 판교점,"한식>찌개,전골",경기도 성남시 분당구 삼평동 680 1층 128호,경기도 성남시 분당구 판교역로 231 1층 128호,김치찌개
죽여주는김치찜김치찌개 서현점,음식점>한식,경기도 성남시 분당구 서현동 272-1 서현하우비,경기도 성남시 분당구 황새울로 325 서현하우비,김치찌개
솜씨마을김치찌개,음식점>한식,경기도 성남시 분당구 구미동 179,경기도 성남시 분당구 구미로9번길 17,김치찌개
봄날에청국장,"한식>찌개,전골",경기도 성남시 분당구 정자동 14-3 동양정자파라곤 102동 지하상가 102호,경기도 성남시 분당구 정자일로 210 동양정자파라곤 102동 지하상가 102호,김치찌개
옥순식당,음식점>한식,경기도 성남시 분당구 서현동 250-4 금호리빙스텔 2층 205호,경기도 성남시 분당구 황새울로342번길 11 금호리빙스텔 2층 205호,김치찌개
듬박이찌개 판교점,"한식>찌개,전골",경기도 성남시 분당구 삼평동 680 1층 128호,경기도 성남시 분당구 판교역로 231 1층 128호,김치찌개
죽여주는김치찜김치찌개 서현점,음식점>한식,경기도 성남시 분당구 서현동 272-1 서현하우비,경기도 성남시 분당구 황새울로 325 서현하우비,김치찌개
솜씨마을김치찌개,음식점>한식,경기도 성남시 분당구 구미동 179,경기도 성남시 분당구 구미로9번길 17,김치찌개
봄날에청국장,"한식>찌개,전골",경기도 성남시 분당구 정자동 14-3 동양정자파라곤 102동 지하상가 102호,경기도 성남시 분당구 정자일로 210 동양정자파라곤 102동 지하상가 102호,김치찌개
옥순식당,음식점>한식,경기도 성남시 분당구 서현동 250-4 금호리빙스텔 2층 205호,경기도 성남시 분당구 황새울로342번길 11 금호리빙스텔 2층 205호,김치찌개
듬박이찌개 판교점,"한식>찌개,전골",경기도 성남시 분당구 삼평동 680 1층 128호,경기도 성남시 분당구 판교역로 231 1층 128호,김치찌개
사계진미 야탑본점,한식>국수,경기도 성남시 분당구 야탑동 338-8,경기도 성남시 분당구 양현로 453,육개장
선영국밥,음식점>한식,경기도 성남시 분당구 정자동 10-1,경기도 성남시 분당구 정자일로213번길 19,육개장
선비칼국수 분당정자역점,"한식>칼국수,만두","경기도 성남시 분당구 정자동 170-1 1층 115호, 116호 선비칼국수 분당정자역점","경기도 성남시 분당구 정자일로 120 1층 115호, 116호 선비칼국수 분당정자역점",육개장
분당서서갈비,"한식>육류,고기요리",경기도 성남시 분당구 야탑동 401-1,경기도 성남시 분당구 판교로610번길 1-6,육개장
수래옥 궁내본점,한식>냉면,경기도 성남시 분당구 궁내동 239-1,경기도 성남시 분당구 대왕판교로 275,육개장
사계진미 야탑본점,한식>국수,경기도 성남시 분당구 야탑동 338-8,경기도 성남시 분당구 양현로 453,육개장
선영국밥,음식점>한식,경기도 성남시 분당구 정자동 10-1,경기도 성남시 분당구 정자일로213번길 19,육개장
선비칼국수 분당정자역점,"한식>칼국수,만두","경기도 성남시 분당구 정자동 170-1 1층 115호, 116호 선비칼국수 분당정자역점","경기도 성남시 분당구 정자일로 120 1층 115호, 116호 선비칼국수 분당정자역점",육개장
분당서서갈비,"한식>육류,고기요리",경기도 성남시 분당구 야탑동 401-1,경기도 성남시 분당구 판교로610번길 1-6,육개장
수래옥 궁내본점,한식>냉면,경기도 성남시 분당구 궁내동 239-1,경기도 성남시 분당구 대왕판교로 275,육개장
사계진미 야탑본점,한식>국수,경기도 성남시 분당구 야탑동 338-8,경기도 성남시 분당구 양현로 453,육개장
선영국밥,음식점>한식,경기도 성남시 분당구 정자동 10-1,경기도 성남시 분당구 정자일로213번길 19,육개장
선비칼국수 분당정자역점,"한식>칼국수,만두","경기도 성남시 분당구 정자동 170-1 1층 115호, 116호 선비칼국수 분당정자역점","경기도 성남시 분당구 정자일로 120 1층 115호, 116호 선비칼국수 분당정자역점",육개장
분당서서갈비,"한식>육류,고기요리",경기도 성남시 분당구 야탑동 401-1,경기도 성남시 분당구 판교로610번길 1-6,육개장
수래옥 궁내본점,한식>냉면,경기도 성남시 분당구 궁내동 239-1,경기도 성남시 분당구 대왕판교로 275,육개장
사계진미 야탑본점,한식>국수,경기도 성남시 분당구 야탑동 338-8,경기도 성남시 분당구 양현로 453,육개장
선영국밥,음식점>한식,경기도 성남시 분당구 정자동 10-1,경기도 성남시 분당구 정자일로213번길 19,육개장
선비칼국수 분당정자역점,"한식>칼국수,만두","경기도 성남시 분당구 정자동 170-1 1층 115호, 116호 선비칼국수 분당정자역점","경기도 성남시 분당구 정자일로 120 1층 115호, 116호 선비칼국수 분당정자역점",육개장
분당서서갈비,"한식>육류,고기요리",경기도 성남시 분당구 야탑동 401-1,경기도 성남시 분당구 판교로610번길 1-6,육개장
수래옥 궁내본점,한식>냉면,경기도 성남시 분당구 궁내동 239-1,경기도 성남시 분당구 대왕판교로 275,육개장
사계진미 야탑본점,한식>국수,경기도 성남시 분당구 야탑동 338-8,경기도 성남시 분당구 양현로 453,육개장
선영국밥,음식점>한식,경기도 성남시 분당구 정자동 10-1,경기도 성남시 분당구 정자일로213번길 19,육개장
선비칼국수 분당정자역점,"한식>칼국수,만두","경기도 성남시 분당구 정자동 170-1 1층 115호, 116호 선비칼국수 분당정자역점","경기도 성남시 분당구 정자일로 120 1층 115호, 116호 선비칼국수 분당정자역점",육개장
분당서서갈비,"한식>육류,고기요리",경기도 성남시 분당구 야탑동 401-1,경기도 성남시 분당구 판교로610번길 1-6,육개장
수래옥 궁내본점,한식>냉면,경기도 성남시 분당구 궁내동 239-1,경기도 성남시 분당구 대왕판교로 275,육개장
사계진미 야탑본점,한식>국수,경기도 성남시 분당구 야탑동 338-8,경기도 성남시 분당구 양현로 453,육개장
선영국밥,음식점>한식,경기도 성남시 분당구 정자동 10-1,경기도 성남시 분당구 정자일로213번길 19,육개장
선비칼국수 분당정자역점,"한식>칼국수,만두","경기도 성남시 분당구 정자동 170-1 1층 115호, 116호 선비칼국수 분당정자역점","경기도 성남시 분당구 정자일로 120 1층 115호, 116호 선비칼국수 분당정자역점",육개장
분당서서갈비,"한식>육류,고기요리",경기도 성남시 분당구 야탑동 401-1,경기도 성남시 분당구 판교로610번길 1-6,육개장
수래옥 궁내본점,한식>냉면,경기도 성남시 분당구 궁내동 239-1,경기도 성남시 분당구 대왕판교로 275,육개장
사계진미 야탑본점,한식>국수,경기도 성남시 분당구 야탑동 338-8,경기도 성남시 분당구 양현로 453,육개장
선영국밥,음식점>한식,경기도 성남시 분당구 정자동 10-1,경기도 성남시 분당구 정자일로213번길 19,육개장
선비칼국수 분당정자역점,"한식>칼국수,만두","경기도 성남시 분당구 정자동 170-1 1층 115호, 116호 선비칼국수 분당정자역점","경기도 성남시 분당구 정자일로 120 1층 115호, 116호 선비칼국수 분당정자역점",육개장
분당서서갈비,"한식>육류,고기요리",경기도 성남시 분당구 야탑동 401-1,경기도 성남시 분당구 판교로610번길 1-6,육개장
수래옥 궁내본점,한식>냉면,경기도 성남시 분당구 궁내동 239-1,경기도 성남시 분당구 대왕판교로 275,육개장
사계진미 야탑본점,한식>국수,경기도 성남시 분당구 야탑동 338-8,경기도 성남시 분당구 양현로 453,육개장
선영국밥,음식점>한식,경기도 성남시 분당구 정자동 10-1,경기도 성남시 분당구 정자일로213번길 19,육개장
선비칼국수 분당정자역점,"한식>칼국수,만두","경기도 성남시 분당구 정자동 170-1 1층 115호, 116호 선비칼국수 분당정자역점","경기도 성남시 분당구 정자일로 120 1층 115호, 116호 선비칼국수 분당정자역점",육개장
분당서서갈비,"한식>육류,고기요리",경기도 성남시 분당구 야탑동 401-1,경기도 성남시 분당구 판교로610번길 1-6,육개장
수래옥 궁내본점,한식>냉면,경기도 성남시 분당구 궁내동 239-1,경기도 성남시 분당구 대왕판교로 275,육개장
사계진미 야탑본점,한식>국수,경기도 성남시 분당구 야탑동 338-8,경기도 성남시 분당구 양현로 453,육개장
선영국밥,음식점>한식,경기도 성남시 분당구 정자동 10-1,경기도 성남시 분당구 정자일로213번길 19,육개장
선비칼국수 분당정자역점,"한식>칼국수,만두","경기도 성남시 분당구 정자동 170-1 1층 115호, 116호 선비칼국수 분당정자역점","경기도 성남시 분당구 정자일로 120 1층 115호, 116호 선비칼국수 분당정자역점",육개장
분당서서갈비,"한식>육류,고기요리",경기도 성남시 분당구 야탑동 401-1,경기도 성남시 분당구 판교로610번길 1-6,육개장
수래옥 궁내본점,한식>냉면,경기도 성남시 분당구 궁내동 239-1,경기도 성남시 분당구 대왕판교로 275,육개장
사계진미 야탑본점,한식>국수,경기도 성남시 분당구 야탑동 338-8,경기도 성남시 분당구 양현로 453,육개장
선영국밥,음식점>한식,경기도 성남시 분당구 정자동 10-1,경기도 성남시 분당구 정자일로213번길 19,육개장
선비칼국수 분당정자역점,"한식>칼국수,만두","경기도 성남시 분당구 정자동 170-1 1층 115호, 116호 선비칼국수 분당정자역점","경기도 성남시 분당구 정자일로 120 1층 115호, 116호 선비칼국수 분당정자역점",육개장
분당서서갈비,"한식>육류,고기요리",경기도 성남시 분당구 야탑동 401-1,경기도 성남시 분당구 판교로610번길 1-6,육개장
수래옥 궁내본점,한식>냉면,경기도 성남시 분당구 궁내동 239-1,경기도 성남시 분당구 대왕판교로 275,육개장
사계진미 야탑본점,한식>국수,경기도 성남시 분당구 야탑동 338-8,경기도 성남시 분당구 양현로 453,육개장
선영국밥,음식점>한식,경기도 성남시 분당구 정자동 10-1,경기도 성남시 분당구 정자일로213번길 19,육개장
선비칼국수 분당정자역점,"한식>칼국수,만두","경기도 성남시 분당구 정자동 170-1 1층 115호, 116호 선비칼국수 분당정자역점","경기도 성남시 분당구 정자일로 120 1층 115호, 116호 선비칼국수 분당정자역점",육개장
분당서서갈비,"한식>육류,고기요리",경기도 성남시 분당구 야탑동 401-1,경기도 성남시 분당구 판교로610번길 1-6,육개장
수래옥 궁내본점,한식>냉면,경기도 성남시 분당구 궁내동 239-1,경기도 성남시 분당구 대왕판교로 275,육개장
사계진미 야탑본점,한식>국수,경기도 성남시 분당구 야탑동 338-8,경기도 성남시 분당구 양현로 453,육개장
선영국밥,음식점>한식,경기도 성남시 분당구 정자동 10-1,경기도 성남시 분당구 정자일로213번길 19,육개장
선비칼국수 분당정자역점,"한식>칼국수,만두","경기도 성남시 분당구 정자동 170-1 1층 115호, 116호 선비칼국수 분당정자역점","경기도 성남시 분당구 정자일로 120 1층 115호, 116호 선비칼국수 분당정자역점",육개장
분당서서갈비,"한식>육류,고기요리",경기도 성남시 분당구 야탑동 401-1,경기도 성남시 분당구 판교로610번길 1-6,육개장
수래옥 궁내본점,한식>냉면,경기도 성남시 분당구 궁내동 239-1,경기도 성남시 분당구 대왕판교로 275,육개장
사계진미 야탑본점,한식>국수,경기도 성남시 분당구 야탑동 338-8,경기도 성남시 분당구 양현로 453,육개장
선영국밥,음식점>한식,경기도 성남시 분당구 정자동 10-1,경기도 성남시 분당구 정자일로213번길 19,육개장
선비칼국수 분당정자역점,"한식>칼국수,만두","경기도 성남시 분당구 정자동 170-1 1층 115호, 116호 선비칼국수 분당정자역점","경기도 성남시 분당구 정자일로 120 1층 115호, 116호 선비칼국수 분당정자역점",육개장
분당서서갈비,"한식>육류,고기요리",경기도 성남시 분당구 야탑동 401-1,경기도 성남시 분당구 판교로610번길 1-6,육개장
수래옥 궁내본점,한식>냉면,경기도 성남시 분당구 궁내동 239-1,경기도 성남시 분당구 대왕판교로 275,육개장
사계진미 야탑본점,한식>국수,경기도 성남시 분당구 야탑동 338-8,경기도 성남시 분당구 양현로 453,육개장
선영국밥,음식점>한식,경기도 성남시 분당구 정자동 10-1,경기도 성남시 분당구 정자일로213번길 19,육개장
선비칼국수 분당정자역점,"한식>칼국수,만두","경기도 성남시 분당구 정자동 170-1 1층 115호, 116호 선비칼국수 분당정자역점","경기도 성남시 분당구 정자일로 120 1층 115호, 116호 선비칼국수 분당정자역점",육개장
분당서서갈비,"한식>육류,고기요리",경기도 성남시 분당구 야탑동 401-1,경기도 성남시 분당구 판교로610번길 1-6,육개장
수래옥 궁내본점,한식>냉면,경기도 성남시 분당구 궁내동 239-1,경기도 성남시 분당구 대왕판교로 275,육개장
사계진미 야탑본점,한식>국수,경기도 성남시 분당구 야탑동 338-8,경기도 성남시 분당구 양현로 453,육개장
선영국밥,음식점>한식,경기도 성남시 분당구 정자동 10-1,경기도 성남시 분당구 정자일로213번길 19,육개장
선비칼국수 분당정자역점,"한식>칼국수,만두","경기도 성남시 분당구 정자동 170-1 1층 115호, 116호 선비칼국수 분당정자역점","경기도 성남시 분당구 정자일로 120 1층 115호, 116호 선비칼국수 분당정자역점",육개장
분당서서갈비,"한식>육류,고기요리",경기도 성남시 분당구 야탑동 401-1,경기도 성남시 분당구 판교로610번길 1-6,육개장
수래옥 궁내본점,한식>냉면,경기도 성남시 분당구 궁내동 239-1,경기도 성남시 분당구 대왕판교로 275,육개장
사계진미 야탑본점,한식>국수,경기도 성남시 분당구 야탑동 338-8,경기도 성남시 분당구 양현로 453,육개장
선영국밥,음식점>한식,경기도 성남시 분당구 정자동 10-1,경기도 성남시 분당구 정자일로213번길 19,육개장
선비칼국수 분당정자역점,"한식>칼국수,만두","경기도 성남시 분당구 정자동 170-1 1층 115호, 116호 선비칼국수 분당정자역점","경기도 성남시 분당구 정자일로 120 1층 115호, 116호 선비칼국수 분당정자역점",육개장
분당서서갈비,"한식>육류,고기요리",경기도 성남시 분당구 야탑동 401-1,경기도 성남시 분당구 판교로610번길 1-6,육개장
수래옥 궁내본점,한식>냉면,경기도 성남시 분당구 궁내동 239-1,경기도 성남시 분당구 대왕판교로 275,육개장
사계진미 야탑본점,한식>국수,경기도 성남시 분당구 야탑동 338-8,경기도 성남시 분당구 양현로 453,육개장
선영국밥,음식점>한식,경기도 성남시 분당구 정자동 10-1,경기도 성남시 분당구 정자일로213번길 19,육개장
선비칼국수 분당정자역점,"한식>칼국수,만두","경기도 성남시 분당구 정자동 170-1 1층 115호, 116호 선비칼국수 분당정자역점","경기도 성남시 분당구 정자일로 120 1층 115호, 116호 선비칼국수 분당정자역점",육개장
분당서서갈비,"한식>육류,고기요리",경기도 성남시 분당구 야탑동 401-1,경기도 성남시 분당구 판교로610번길 1-6,육개장
수래옥 궁내본점,한식>냉면,경기도 성남시 분당구 궁내동 239-1,경기도 성남시 분당구 대왕판교로 275,육개장
사계진미 야탑본점,한식>국수,경기도 성남시 분당구 야탑동 338-8,경기도 성남시 분당구 양현로 453,육개장
선영국밥,음식점>한식,경기도 성남시 분당구 정자동 10-1,경기도 성남시 분당구 정자일로213번길 19,육개장
선비칼국수 분당정자역점,"한식>칼국수,만두","경기도 성남시 분당구 정자동 170-1 1층 115호, 116호 선비칼국수 분당정자역점","경기도 성남시 분당구 정자일로 120 1층 115호, 116호 선비칼국수 분당정자역점",육개장
분당서서갈비,"한식>육류,고기요리",경기도 성남시 분당구 야탑동 401-1,경기도 성남시 분당구 판교로610번길 1-6,육개장
수래옥 궁내본점,한식>냉면,경기도 성남시 분당구 궁내동 239-1,경기도 성남시 분당구 대왕판교로 275,육개장
사계진미 야탑본점,한식>국수,경기도 성남시 분당구 야탑동 338-8,경기도 성남시 분당구 양현로 453,육개장
선영국밥,음식점>한식,경기도 성남시 분당구 정자동 10-1,경기도 성남시 분당구 정자일로213번길 19,육개장
선비칼국수 분당정자역점,"한식>칼국수,만두","경기도 성남시 분당구 정자동 170-1 1층 115호, 116호 선비칼국수 분당정자역점","경기도 성남시 분당구 정자일로 120 1층 115호, 116호 선비칼국수 분당정자역점",육개장
분당서서갈비,"한식>육류,고기요리",경기도 성남시 분당구 야탑동 401-1,경기도 성남시 분당구 판교로610번길 1-6,육개장
수래옥 궁내본점,한식>냉면,경기도 성남시 분당구 궁내동 239-1,경기도 성남시 분당구 대왕판교로 275,육개장
사계진미 야탑본점,한식>국수,경기도 성남시 분당구 야탑동 338-8,경기도 성남시 분당구 양현로 453,육개장
선영국밥,음식점>한식,경기도 성남시 분당구 정자동 10-1,경기도 성남시 분당구 정자일로213번길 19,육개장
선비칼국수 분당정자역점,"한식>칼국수,만두","경기도 성남시 분당구 정자동 170-1 1층 115호, 116호 선비칼국수 분당정자역점","경기도 성남시 분당구 정자일로 120 1층 115호, 116호 선비칼국수 분당정자역점",육개장
분당서서갈비,"한식>육류,고기요리",경기도 성남시 분당구 야탑동 401-1,경기도 성남시 분당구 판교로610번길 1-6,육개장
수래옥 궁내본점,한식>냉면,경기도 성남시 분당구 궁내동 239-1,경기도 성남시 분당구 대왕판교로 275,육개장
향촌 분당본점,"한식>육류,고기요리",경기도 성남시 분당구 율동 104-2 향촌 분당점,경기도 성남시 분당구 만세길 20 향촌 분당점,곰탕
분당미소곰탕,"한식>곰탕,설렁탕",경기도 성남시 분당구 정자동 51-3 1층,경기도 성남시 분당구 내정로119번길 4-8 1층,곰탕
우영관,"한식>곰탕,설렁탕",경기도 성남시 분당구 백현동 535 그레이츠판교 2층,경기도 성남시 분당구 분당내곡로 117 그레이츠판교 2층,곰탕
기달임 돼지곰탕 본점,"한식>곰탕,설렁탕",경기도 성남시 분당구 삼평동 678 삼환하이펙스 A동 지하112호 기달임,경기도 성남시 분당구 판교역로 240 삼환하이펙스 A동 지하112호 기달임,곰탕
나주곰탕집금계동,"한식>곰탕,설렁탕",경기도 성남시 분당구 궁내동 198-4 동일빌딩,경기도 성남시 분당구 대왕판교로 221 동일빌딩,곰탕
향촌 분당본점,"한식>육류,고기요리",경기도 성남시 분당구 율동 104-2 향촌 분당점,경기도 성남시 분당구 만세길 20 향촌 분당점,곰탕
분당미소곰탕,"한식>곰탕,설렁탕",경기도 성남시 분당구 정자동 51-3 1층,경기도 성남시 분당구 내정로119번길 4-8 1층,곰탕
우영관,"한식>곰탕,설렁탕",경기도 성남시 분당구 백현동 535 그레이츠판교 2층,경기도 성남시 분당구 분당내곡로 117 그레이츠판교 2층,곰탕
기달임 돼지곰탕 본점,"한식>곰탕,설렁탕",경기도 성남시 분당구 삼평동 678 삼환하이펙스 A동 지하112호 기달임,경기도 성남시 분당구 판교역로 240 삼환하이펙스 A동 지하112호 기달임,곰탕
나주곰탕집금계동,"한식>곰탕,설렁탕",경기도 성남시 분당구 궁내동 198-4 동일빌딩,경기도 성남시 분당구 대왕판교로 221 동일빌딩,곰탕
향촌 분당본점,"한식>육류,고기요리",경기도 성남시 분당구 율동 104-2 향촌 분당점,경기도 성남시 분당구 만세길 20 향촌 분당점,곰탕
분당미소곰탕,"한식>곰탕,설렁탕",경기도 성남시 분당구 정자동 51-3 1층,경기도 성남시 분당구 내정로119번길 4-8 1층,곰탕
우영관,"한식>곰탕,설렁탕",경기도 성남시 분당구 백현동 535 그레이츠판교 2층,경기도 성남시 분당구 분당내곡로 117 그레이츠판교 2층,곰탕
기달임 돼지곰탕 본점,"한식>곰탕,설렁탕",경기도 성남시 분당구 삼평동 678 삼환하이펙스 A동 지하112호 기달임,경기도 성남시 분당구 판교역로 240 삼환하이펙스 A동 지하112호 기달임,곰탕
나주곰탕집금계동,"한식>곰탕,설렁탕",경기도 성남시 분당구 궁내동 198-4 동일빌딩,경기도 성남시 분당구 대왕판교로 221 동일빌딩,곰탕
향촌 분당본점,"한식>육류,고기요리",경기도 성남시 분당구 율동 104-2 향촌 분당점,경기도 성남시 분당구 만세길 20 향촌 분당점,곰탕
분당미소곰탕,"한식>곰탕,설렁탕",경기도 성남시 분당구 정자동 51-3 1층,경기도 성남시 분당구 내정로119번길 4-8 1층,곰탕
우영관,"한식>곰탕,설렁탕",경기도 성남시 분당구 백현동 535 그레이츠판교 2층,경기도 성남시 분당구 분당내곡로 117 그레이츠판교 2층,곰탕
기달임 돼지곰탕 본점,"한식>곰탕,설렁탕",경기도 성남시 분당구 삼평동 678 삼환하이펙스 A동 지하112호 기달임,경기도 성남시 분당구 판교역로 240 삼환하이펙스 A동 지하112호 기달임,곰탕
나주곰탕집금계동,"한식>곰탕,설렁탕",경기도 성남시 분당구 궁내동 198-4 동일빌딩,경기도 성남시 분당구 대왕판교로 221 동일빌딩,곰탕
향촌 분당본점,"한식>육류,고기요리",경기도 성남시 분당구 율동 104-2 향촌 분당점,경기도 성남시 분당구 만세길 20 향촌 분당점,곰탕
분당미소곰탕,"한식>곰탕,설렁탕",경기도 성남시 분당구 정자동 51-3 1층,경기도 성남시 분당구 내정로119번길 4-8 1층,곰탕
우영관,"한식>곰탕,설렁탕",경기도 성남시 분당구 백현동 535 그레이츠판교 2층,경기도 성남시 분당구 분당내곡로 117 그레이츠판교 2층,곰탕
기달임 돼지곰탕 본점,"한식>곰탕,설렁탕",경기도 성남시 분당구 삼평동 678 삼환하이펙스 A동 지하112호 기달임,경기도 성남시 분당구 판교역로 240 삼환하이펙스 A동 지하112호 기달임,곰탕
나주곰탕집금계동,"한식>곰탕,설렁탕",경기도 성남시 분당구 궁내동 198-4 동일빌딩,경기도 성남시 분당구 대왕판교로 221 동일빌딩,곰탕
향촌 분당본점,"한식>육류,고기요리",경기도 성남시 분당구 율동 104-2 향촌 분당점,경기도 성남시 분당구 만세길 20 향촌 분당점,곰탕
분당미소곰탕,"한식>곰탕,설렁탕",경기도 성남시 분당구 정자동 51-3 1층,경기도 성남시 분당구 내정로119번길 4-8 1층,곰탕
우영관,"한식>곰탕,설렁탕",경기도 성남시 분당구 백현동 535 그레이츠판교 2층,경기도 성남시 분당구 분당내곡로 117 그레이츠판교 2층,곰탕
기달임 돼지곰탕 본점,"한식>곰탕,설렁탕",경기도 성남시 분당구 삼평동 678 삼환하이펙스 A동 지하112호 기달임,경기도 성남시 분당구 판교역로 240 삼환하이펙스 A동 지하112호 기달임,곰탕
나주곰탕집금계동,"한식>곰탕,설렁탕",경기도 성남시 분당구 궁내동 198-4 동일빌딩,경기도 성남시 분당구 대왕판교로 221 동일빌딩,곰탕
향촌 분당본점,"한식>육류,고기요리",경기도 성남시 분당구 율동 104-2 향촌 분당점,경기도 성남시 분당구 만세길 20 향촌 분당점,곰탕
분당미소곰탕,"한식>곰탕,설렁탕",경기도 성남시 분당구 정자동 51-3 1층,경기도 성남시 분당구 내정로119번길 4-8 1층,곰탕
우영관,"한식>곰탕,설렁탕",경기도 성남시 분당구 백현동 535 그레이츠판교 2층,경기도 성남시 분당구 분당내곡로 117 그레이츠판교 2층,곰탕
기달임 돼지곰탕 본점,"한식>곰탕,설렁탕",경기도 성남시 분당구 삼평동 678 삼환하이펙스 A동 지하112호 기달임,경기도 성남시 분당구 판교역로 240 삼환하이펙스 A동 지하112호 기달임,곰탕
나주곰탕집금계동,"한식>곰탕,설렁탕",경기도 성남시 분당구 궁내동 198-4 동일빌딩,경기도 성남시 분당구 대왕판교로 221 동일빌딩,곰탕
향촌 분당본점,"한식>육류,고기요리",경기도 성남시 분당구 율동 104-2 향촌 분당점,경기도 성남시 분당구 만세길 20 향촌 분당점,곰탕
분당미소곰탕,"한식>곰탕,설렁탕",경기도 성남시 분당구 정자동 51-3 1층,경기도 성남시 분당구 내정로119번길 4-8 1층,곰탕
우영관,"한식>곰탕,설렁탕",경기도 성남시 분당구 백현동 535 그레이츠판교 2층,경기도 성남시 분당구 분당내곡로 117 그레이츠판교 2층,곰탕
기달임 돼지곰탕 본점,"한식>곰탕,설렁탕",경기도 성남시 분당구 삼평동 678 삼환하이펙스 A동 지하112호 기달임,경기도 성남시 분당구 판교역로 240 삼환하이펙스 A동 지하112호 기달임,곰탕
나주곰탕집금계동,"한식>곰탕,설렁탕",경기도 성남시 분당구 궁내동 198-4 동일빌딩,경기도 성남시 분당구 대왕판교로 221 동일빌딩,곰탕
향촌 분당본점,"한식>육류,고기요리",경기도 성남시 분당구 율동 104-2 향촌 분당점,경기도 성남시 분당구 만세길 20 향촌 분당점,곰탕
분당미소곰탕,"한식>곰탕,설렁탕",경기도 성남시 분당구 정자동 51-3 1층,경기도 성남시 분당구 내정로119번길 4-8 1층,곰탕
우영관,"한식>곰탕,설렁탕",경기도 성남시 분당구 백현동 535 그레이츠판교 2층,경기도 성남시 분당구 분당내곡로 117 그레이츠판교 2층,곰탕
기달임 돼지곰탕 본점,"한식>곰탕,설렁탕",경기도 성남시 분당구 삼평동 678 삼환하이펙스 A동 지하112호 기달임,경기도 성남시 분당구 판교역로 240 삼환하이펙스 A동 지하112호 기달임,곰탕
나주곰탕집금계동,"한식>곰탕,설렁탕",경기도 성남시 분당구 궁내동 198-4 동일빌딩,경기도 성남시 분당구 대왕판교로 221 동일빌딩,곰탕
향촌 분당본점,"한식>육류,고기요리",경기도 성남시 분당구 율동 104-2 향촌 분당점,경기도 성남시 분당구 만세길 20 향촌 분당점,곰탕
분당미소곰탕,"한식>곰탕,설렁탕",경기도 성남시 분당구 정자동 51-3 1층,경기도 성남시 분당구 내정로119번길 4-8 1층,곰탕
우영관,"한식>곰탕,설렁탕",경기도 성남시 분당구 백현동 535 그레이츠판교 2층,경기도 성남시 분당구 분당내곡로 117 그레이츠판교 2층,곰탕
기달임 돼지곰탕 본점,"한식>곰탕,설렁탕",경기도 성남시 분당구 삼평동 678 삼환하이펙스 A동 지하112호 기달임,경기도 성남시 분당구 판교역로 240 삼환하이펙스 A동 지하112호 기달임,곰탕
나주곰탕집금계동,"한식>곰탕,설렁탕",경기도 성남시 분당구 궁내동 198-4 동일빌딩,경기도 성남시 분당구 대왕판교로 221 동일빌딩,곰탕
향촌 분당본점,"한식>육류,고기요리",경기도 성남시 분당구 율동 104-2 향촌 분당점,경기도 성남시 분당구 만세길 20 향촌 분당점,곰탕
분당미소곰탕,"한식>곰탕,설렁탕",경기도 성남시 분당구 정자동 51-3 1층,경기도 성남시 분당구 내정로119번길 4-8 1층,곰탕
우영관,"한식>곰탕,설렁탕",경기도 성남시 분당구 백현동 535 그레이츠판교 2층,경기도 성남시 분당구 분당내곡로 117 그레이츠판교 2층,곰탕
기달임 돼지곰탕 본점,"한식>곰탕,설렁탕",경기도 성남시 분당구 삼평동 678 삼환하이펙스 A동 지하112호 기달임,경기도 성남시 분당구 판교역로 240 삼환하이펙스 A동 지하112호 기달임,곰탕
나주곰탕집금계동,"한식>곰탕,설렁탕",경기도 성남시 분당구 궁내동 198-4 동일빌딩,경기도 성남시 분당구 대왕판교로 221 동일빌딩,곰탕
향촌 분당본점,"한식>육류,고기요리",경기도 성남시 분당구 율동 104-2 향촌 분당점,경기도 성남시 분당구 만세길 20 향촌 분당점,곰탕
분당미소곰탕,"한식>곰탕,설렁탕",경기도 성남시 분당구 정자동 51-3 1층,경기도 성남시 분당구 내정로119번길 4-8 1층,곰탕
우영관,"한식>곰탕,설렁탕",경기도 성남시 분당구 백현동 535 그레이츠판교 2층,경기도 성남시 분당구 분당내곡로 117 그레이츠판교 2층,곰탕
기달임 돼지곰탕 본점,"한식>곰탕,설렁탕",경기도 성남시 분당구 삼평동 678 삼환하이펙스 A동 지하112호 기달임,경기도 성남시 분당구 판교역로 240 삼환하이펙스 A동 지하112호 기달임,곰탕
나주곰탕집금계동,"한식>곰탕,설렁탕",경기도 성남시 분당구 궁내동 198-4 동일빌딩,경기도 성남시 분당구 대왕판교로 221 동일빌딩,곰탕
향촌 분당본점,"한식>육류,고기요리",경기도 성남시 분당구 율동 104-2 향촌 분당점,경기도 성남시 분당구 만세길 20 향촌 분당점,곰탕
분당미소곰탕,"한식>곰탕,설렁탕",경기도 성남시 분당구 정자동 51-3 1층,경기도 성남시 분당구 내정로119번길 4-8 1층,곰탕
우영관,"한식>곰탕,설렁탕",경기도 성남시 분당구 백현동 535 그레이츠판교 2층,경기도 성남시 분당구 분당내곡로 117 그레이츠판교 2층,곰탕
기달임 돼지곰탕 본점,"한식>곰탕,설렁탕",경기도 성남시 분당구 삼평동 678 삼환하이펙스 A동 지하112호 기달임,경기도 성남시 분당구 판교역로 240 삼환하이펙스 A동 지하112호 기달임,곰탕
나주곰탕집금계동,"한식>곰탕,설렁탕",경기도 성남시 분당구 궁내동 198-4 동일빌딩,경기도 성남시 분당구 대왕판교로 221 동일빌딩,곰탕
향촌 분당본점,"한식>육류,고기요리",경기도 성남시 분당구 율동 104-2 향촌 분당점,경기도 성남시 분당구 만세길 20 향촌 분당점,곰탕
분당미소곰탕,"한식>곰탕,설렁탕",경기도 성남시 분당구 정자동 51-3 1층,경기도 성남시 분당구 내정로119번길 4-8 1층,곰탕
우영관,"한식>곰탕,설렁탕",경기도 성남시 분당구 백현동 535 그레이츠판교 2층,경기도 성남시 분당구 분당내곡로 117 그레이츠판교 2층,곰탕
기달임 돼지곰탕 본점,"한식>곰탕,설렁탕",경기도 성남시 분당구 삼평동 678 삼환하이펙스 A동 지하112호 기달임,경기도 성남시 분당구 판교역로 240 삼환하이펙스 A동 지하112호 기달임,곰탕
나주곰탕집금계동,"한식>곰탕,설렁탕",경기도 성남시 분당구 궁내동 198-4 동일빌딩,경기도 성남시 분당구 대왕판교로 221 동일빌딩,곰탕
향촌 분당본점,"한식>육류,고기요리",경기도 성남시 분당구 율동 104-2 향촌 분당점,경기도 성남시 분당구 만세길 20 향촌 분당점,곰탕
분당미소곰탕,"한식>곰탕,설렁탕",경기도 성남시 분당구 정자동 51-3 1층,경기도 성남시 분당구 내정로119번길 4-8 1층,곰탕
우영관,"한식>곰탕,설렁탕",경기도 성남시 분당구 백현동 535 그레이츠판교 2층,경기도 성남시 분당구 분당내곡로 117 그레이츠판교 2층,곰탕
기달임 돼지곰탕 본점,"한식>곰탕,설렁탕",경기도 성남시 분당구 삼평동 678 삼환하이펙스 A동 지하112호 기달임,경기도 성남시 분당구 판교역로 240 삼환하이펙스 A동 지하112호 기달임,곰탕
나주곰탕집금계동,"한식>곰탕,설렁탕",경기도 성남시 분당구 궁내동 198-4 동일빌딩,경기도 성남시 분당구 대왕판교로 221 동일빌딩,곰탕
향촌 분당본점,"한식>육류,고기요리",경기도 성남시 분당구 율동 104-2 향촌 분당점,경기도 성남시 분당구 만세길 20 향촌 분당점,곰탕
분당미소곰탕,"한식>곰탕,설렁탕",경기도 성남시 분당구 정자동 51-3 1층,경기도 성남시 분당구 내정로119번길 4-8 1층,곰탕
우영관,"한식>곰탕,설렁탕",경기도 성남시 분당구 백현동 535 그레이츠판교 2층,경기도 성남시 분당구 분당내곡로 117 그레이츠판교 2층,곰탕
기달임 돼지곰탕 본점,"한식>곰탕,설렁탕",경기도 성남시 분당구 삼평동 678 삼환하이펙스 A동 지하112호 기달임,경기도 성남시 분당구 판교역로 240 삼환하이펙스 A동 지하112호 기달임,곰탕
나주곰탕집금계동,"한식>곰탕,설렁탕",경기도 성남시 분당구 궁내동 198-4 동일빌딩,경기도 성남시 분당구 대왕판교로 221 동일빌딩,곰탕
향촌 분당본점,"한식>육류,고기요리",경기도 성남시 분당구 율동 104-2 향촌 분당점,경기도 성남시 분당구 만세길 20 향촌 분당점,곰탕
분당미소곰탕,"한식>곰탕,설렁탕",경기도 성남시 분당구 정자동 51-3 1층,경기도 성남시 분당구 내정로119번길 4-8 1층,곰탕
우영관,"한식>곰탕,설렁탕",경기도 성남시 분당구 백현동 535 그레이츠판교 2층,경기도 성남시 분당구 분당내곡로 117 그레이츠판교 2층,곰탕
기달임 돼지곰탕 본점,"한식>곰탕,설렁탕",경기도 성남시 분당구 삼평동 678 삼환하이펙스 A동 지하112호 기달임,경기도 성남시 분당구 판교역로 240 삼환하이펙스 A동 지하112호 기달임,곰탕
나주곰탕집금계동,"한식>곰탕,설렁탕",경기도 성남시 분당구 궁내동 198-4 동일빌딩,경기도 성남시 분당구 대왕판교로 221 동일빌딩,곰탕
향촌 분당본점,"한식>육류,고기요리",경기도 성남시 분당구 율동 104-2 향촌 분당점,경기도 성남시 분당구 만세길 20 향촌 분당점,곰탕
분당미소곰탕,"한식>곰탕,설렁탕",경기도 성남시 분당구 정자동 51-3 1층,경기도 성남시 분당구 내정로119번길 4-8 1층,곰탕
우영관,"한식>곰탕,설렁탕",경기도 성남시 분당구 백현동 535 그레이츠판교 2층,경기도 성남시 분당구 분당내곡로 117 그레이츠판교 2층,곰탕
기달임 돼지곰탕 본점,"한식>곰탕,설렁탕",경기도 성남시 분당구 삼평동 678 삼환하이펙스 A동 지하112호 기달임,경기도 성남시 분당구 판교역로 240 삼환하이펙스 A동 지하112호 기달임,곰탕
나주곰탕집금계동,"한식>곰탕,설렁탕",경기도 성남시 분당구 궁내동 198-4 동일빌딩,경기도 성남시 분당구 대왕판교로 221 동일빌딩,곰탕
향촌 분당본점,"한식>육류,고기요리",경기도 성남시 분당구 율동 104-2 향촌 분당점,경기도 성남시 분당구 만세길 20 향촌 분당점,곰탕
분당미소곰탕,"한식>곰탕,설렁탕",경기도 성남시 분당구 정자동 51-3 1층,경기도 성남시 분당구 내정로119번길 4-8 1층,곰탕
우영관,"한식>곰탕,설렁탕",경기도 성남시 분당구 백현동 535 그레이츠판교 2층,경기도 성남시 분당구 분당내곡로 117 그레이츠판교 2층,곰탕
기달임 돼지곰탕 본점,"한식>곰탕,설렁탕",경기도 성남시 분당구 삼평동 678 삼환하이펙스 A동 지하112호 기달임,경기도 성남시 분당구 판교역로 240 삼환하이펙스 A동 지하112호 기달임,곰탕
나주곰탕집금계동,"한식>곰탕,설렁탕",경기도 성남시 분당구 궁내동 198-4 동일빌딩,경기도 성남시 분당구 대왕판교로 221 동일빌딩,곰탕
향촌 분당본점,"한식>육류,고기요리",경기도 성남시 분당구 율동 104-2 향촌 분당점,경기도 성남시 분당구 만세길 20 향촌 분당점,곰탕
분당미소곰탕,"한식>곰탕,설렁탕",경기도 성남시 분당구 정자동 51-3 1층,경기도 성남시 분당구 내정로119번길 4-8 1층,곰탕
우영관,"한식>곰탕,설렁탕",경기도 성남시 분당구 백현동 535 그레이츠판교 2층,경기도 성남시 분당구 분당내곡로 117 그레이츠판교 2층,곰탕
기달임 돼지곰탕 본점,"한식>곰탕,설렁탕",경기도 성남시 분당구 삼평동 678 삼환하이펙스 A동 지하112호 기달임,경기도 성남시 분당구 판교역로 240 삼환하이펙스 A동 지하112호 기달임,곰탕
나주곰탕집금계동,"한식>곰탕,설렁탕",경기도 성남시 분당구 궁내동 198-4 동일빌딩,경기도 성남시 분당구 대왕판교로 221 동일빌딩,곰탕
구좌리 얼크니손칼국수 분당금곡직영점,"한식>칼국수,만두",경기도 성남시 분당구 금곡동 56-3 1층,경기도 성남시 분당구 쇳골로 25 1층,칼국수
서현칼국수보쌈,음식점>한식,"경기도 성남시 분당구 서현동 260-4 덕산빌딩 2층 201호, 203호","경기도 성남시 분당구 황새울로335번길 8 덕산빌딩 2층 201호, 203호",칼국수
수계옥 분당미금본점,한식>닭요리,경기도 성남시 분당구 구미동 50-4 1층,경기도 성남시 분당구 미금일로74번길 13-5 1층,칼국수
윤밀원,"한식>족발,보쌈",경기도 성남시 분당구 정자동 46-5 1층,경기도 성남시 분당구 백현로 154 1층,칼국수
행하령수제비,"한식>칼국수,만두",경기도 성남시 분당구 구미동 35-9 1층 행하령수제비,경기도 성남시 분당구 성남대로144번길 14 1층 행하령수제비,칼국수
구좌리 얼크니손칼국수 분당금곡직영점,"한식>칼국수,만두",경기도 성남시 분당구 금곡동 56-3 1층,경기도 성남시 분당구 쇳골로 25 1층,칼국수
서현칼국수보쌈,음식점>한식,"경기도 성남시 분당구 서현동 260-4 덕산빌딩 2층 201호, 203호","경기도 성남시 분당구 황새울로335번길 8 덕산빌딩 2층 201호, 203호",칼국수
수계옥 분당미금본점,한식>닭요리,경기도 성남시 분당구 구미동 50-4 1층,경기도 성남시 분당구 미금일로74번길 13-5 1층,칼국수
윤밀원,"한식>족발,보쌈",경기도 성남시 분당구 정자동 46-5 1층,경기도 성남시 분당구 백현로 154 1층,칼국수
행하령수제비,"한식>칼국수,만두",경기도 성남시 분당구 구미동 35-9 1층 행하령수제비,경기도 성남시 분당구 성남대로144번길 14 1층 행하령수제비,칼국수
구좌리 얼크니손칼국수 분당금곡직영점,"한식>칼국수,만두",경기도 성남시 분당구 금곡동 56-3 1층,경기도 성남시 분당구 쇳골로 25 1층,칼국수
서현칼국수보쌈,음식점>한식,"경기도 성남시 분당구 서현동 260-4 덕산빌딩 2층 201호, 203호","경기도 성남시 분당구 황새울로335번길 8 덕산빌딩 2층 201호, 203호",칼국수
수계옥 분당미금본점,한식>닭요리,경기도 성남시 분당구 구미동 50-4 1층,경기도 성남시 분당구 미금일로74번길 13-5 1층,칼국수
윤밀원,"한식>족발,보쌈",경기도 성남시 분당구 정자동 46-5 1층,경기도 성남시 분당구 백현로 154 1층,칼국수
행하령수제비,"한식>칼국수,만두",경기도 성남시 분당구 구미동 35-9 1층 행하령수제비,경기도 성남시 분당구 성남대로144번길 14 1층 행하령수제비,칼국수
구좌리 얼크니손칼국수 분당금곡직영점,"한식>칼국수,만두",경기도 성남시 분당구 금곡동 56-3 1층,경기도 성남시 분당구 쇳골로 25 1층,칼국수
서현칼국수보쌈,음식점>한식,"경기도 성남시 분당구 서현동 260-4 덕산빌딩 2층 201호, 203호","경기도 성남시 분당구 황새울로335번길 8 덕산빌딩 2층 201호, 203호",칼국수
수계옥 분당미금본점,한식>닭요리,경기도 성남시 분당구 구미동 50-4 1층,경기도 성남시 분당구 미금일로74번길 13-5 1층,칼국수
윤밀원,"한식>족발,보쌈",경기도 성남시 분당구 정자동 46-5 1층,경기도 성남시 분당구 백현로 154 1층,칼국수
행하령수제비,"한식>칼국수,만두",경기도 성남시 분당구 구미동 35-9 1층 행하령수제비,경기도 성남시 분당구 성남대로144번길 14 1층 행하령수제비,칼국수
구좌리 얼크니손칼국수 분당금곡직영점,"한식>칼국수,만두",경기도 성남시 분당구 금곡동 56-3 1층,경기도 성남시 분당구 쇳골로 25 1층,칼국수
서현칼국수보쌈,음식점>한식,"경기도 성남시 분당구 서현동 260-4 덕산빌딩 2층 201호, 203호","경기도 성남시 분당구 황새울로335번길 8 덕산빌딩 2층 201호, 203호",칼국수
수계옥 분당미금본점,한식>닭요리,경기도 성남시 분당구 구미동 50-4 1층,경기도 성남시 분당구 미금일로74번길 13-5 1층,칼국수
윤밀원,"한식>족발,보쌈",경기도 성남시 분당구 정자동 46-5 1층,경기도 성남시 분당구 백현로 154 1층,칼국수
행하령수제비,"한식>칼국수,만두",경기도 성남시 분당구 구미동 35-9 1층 행하령수제비,경기도 성남시 분당구 성남대로144번길 14 1층 행하령수제비,칼국수
구좌리 얼크니손칼국수 분당금곡직영점,"한식>칼국수,만두",경기도 성남시 분당구 금곡동 56-3 1층,경기도 성남시 분당구 쇳골로 25 1층,칼국수
서현칼국수보쌈,음식점>한식,"경기도 성남시 분당구 서현동 260-4 덕산빌딩 2층 201호, 203호","경기도 성남시 분당구 황새울로335번길 8 덕산빌딩 2층 201호, 203호",칼국수
수계옥 분당미금본점,한식>닭요리,경기도 성남시 분당구 구미동 50-4 1층,경기도 성남시 분당구 미금일로74번길 13-5 1층,칼국수
윤밀원,"한식>족발,보쌈",경기도 성남시 분당구 정자동 46-5 1층,경기도 성남시 분당구 백현로 154 1층,칼국수
행하령수제비,"한식>칼국수,만두",경기도 성남시 분당구 구미동 35-9 1층 행하령수제비,경기도 성남시 분당구 성남대로144번길 14 1층 행하령수제비,칼국수
구좌리 얼크니손칼국수 분당금곡직영점,"한식>칼국수,만두",경기도 성남시 분당구 금곡동 56-3 1층,경기도 성남시 분당구 쇳골로 25 1층,칼국수
서현칼국수보쌈,음식점>한식,"경기도 성남시 분당구 서현동 260-4 덕산빌딩 2층 201호, 203호","경기도 성남시 분당구 황새울로335번길 8 덕산빌딩 2층 201호, 203호",칼국수
수계옥 분당미금본점,한식>닭요리,경기도 성남시 분당구 구미동 50-4 1층,경기도 성남시 분당구 미금일로74번길 13-5 1층,칼국수
윤밀원,"한식>족발,보쌈",경기도 성남시 분당구 정자동 46-5 1층,경기도 성남시 분당구 백현로 154 1층,칼국수
행하령수제비,"한식>칼국수,만두",경기도 성남시 분당구 구미동 35-9 1층 행하령수제비,경기도 성남시 분당구 성남대로144번길 14 1층 행하령수제비,칼국수
구좌리 얼크니손칼국수 분당금곡직영점,"한식>칼국수,만두",경기도 성남시 분당구 금곡동 56-3 1층,경기도 성남시 분당구 쇳골로 25 1층,칼국수
서현칼국수보쌈,음식점>한식,"경기도 성남시 분당구 서현동 260-4 덕산빌딩 2층 201호, 203호","경기도 성남시 분당구 황새울로335번길 8 덕산빌딩 2층 201호, 203호",칼국수
수계옥 분당미금본점,한식>닭요리,경기도 성남시 분당구 구미동 50-4 1층,경기도 성남시 분당구 미금일로74번길 13-5 1층,칼국수
윤밀원,"한식>족발,보쌈",경기도 성남시 분당구 정자동 46-5 1층,경기도 성남시 분당구 백현로 154 1층,칼국수
행하령수제비,"한식>칼국수,만두",경기도 성남시 분당구 구미동 35-9 1층 행하령수제비,경기도 성남시 분당구 성남대로144번길 14 1층 행하령수제비,칼국수
구좌리 얼크니손칼국수 분당금곡직영점,"한식>칼국수,만두",경기도 성남시 분당구 금곡동 56-3 1층,경기도 성남시 분당구 쇳골로 25 1층,칼국수
서현칼국수보쌈,음식점>한식,"경기도 성남시 분당구 서현동 260-4 덕산빌딩 2층 201호, 203호","경기도 성남시 분당구 황새울로335번길 8 덕산빌딩 2층 201호, 203호",칼국수
수계옥 분당미금본점,한식>닭요리,경기도 성남시 분당구 구미동 50-4 1층,경기도 성남시 분당구 미금일로74번길 13-5 1층,칼국수
윤밀원,"한식>족발,보쌈",경기도 성남시 분당구 정자동 46-5 1층,경기도 성남시 분당구 백현로 154 1층,칼국수
행하령수제비,"한식>칼국수,만두",경기도 성남시 분당구 구미동 35-9 1층 행하령수제비,경기도 성남시 분당구 성남대로144번길 14 1층 행하령수제비,칼국수
구좌리 얼크니손칼국수 분당금곡직영점,"한식>칼국수,만두",경기도 성남시 분당구 금곡동 56-3 1층,경기도 성남시 분당구 쇳골로 25 1층,칼국수
서현칼국수보쌈,음식점>한식,"경기도 성남시 분당구 서현동 260-4 덕산빌딩 2층 201호, 203호","경기도 성남시 분당구 황새울로335번길 8 덕산빌딩 2층 201호, 203호",칼국수
수계옥 분당미금본점,한식>닭요리,경기도 성남시 분당구 구미동 50-4 1층,경기도 성남시 분당구 미금일로74번길 13-5 1층,칼국수
윤밀원,"한식>족발,보쌈",경기도 성남시 분당구 정자동 46-5 1층,경기도 성남시 분당구 백현로 154 1층,칼국수
행하령수제비,"한식>칼국수,만두",경기도 성남시 분당구 구미동 35-9 1층 행하령수제비,경기도 성남시 분당구 성남대로144번길 14 1층 행하령수제비,칼국수
구좌리 얼크니손칼국수 분당금곡직영점,"한식>칼국수,만두",경기도 성남시 분당구 금곡동 56-3 1층,경기도 성남시 분당구 쇳골로 25 1층,칼국수
서현칼국수보쌈,음식점>한식,"경기도 성남시 분당구 서현동 260-4 덕산빌딩 2층 201호, 203호","경기도 성남시 분당구 황새울로335번길 8 덕산빌딩 2층 201호, 203호",칼국수
수계옥 분당미금본점,한식>닭요리,경기도 성남시 분당구 구미동 50-4 1층,경기도 성남시 분당구 미금일로74번길 13-5 1층,칼국수
윤밀원,"한식>족발,보쌈",경기도 성남시 분당구 정자동 46-5 1층,경기도 성남시 분당구 백현로 154 1층,칼국수
행하령수제비,"한식>칼국수,만두",경기도 성남시 분당구 구미동 35-9 1층 행하령수제비,경기도 성남시 분당구 성남대로144번길 14 1층 행하령수제비,칼국수
구좌리 얼크니손칼국수 분당금곡직영점,"한식>칼국수,만두",경기도 성남시 분당구 금곡동 56-3 1층,경기도 성남시 분당구 쇳골로 25 1층,칼국수
서현칼국수보쌈,음식점>한식,"경기도 성남시 분당구 서현동 260-4 덕산빌딩 2층 201호, 203호","경기도 성남시 분당구 황새울로335번길 8 덕산빌딩 2층 201호, 203호",칼국수
수계옥 분당미금본점,한식>닭요리,경기도 성남시 분당구 구미동 50-4 1층,경기도 성남시 분당구 미금일로74번길 13-5 1층,칼국수
윤밀원,"한식>족발,보쌈",경기도 성남시 분당구 정자동 46-5 1층,경기도 성남시 분당구 백현로 154 1층,칼국수
행하령수제비,"한식>칼국수,만두",경기도 성남시 분당구 구미동 35-9 1층 행하령수제비,경기도 성남시 분당구 성남대로144번길 14 1층 행하령수제비,칼국수
구좌리 얼크니손칼국수 분당금곡직영점,"한식>칼국수,만두",경기도 성남시 분당구 금곡동 56-3 1층,경기도 성남시 분당구 쇳골로 25 1층,칼국수
서현칼국수보쌈,음식점>한식,"경기도 성남시 분당구 서현동 260-4 덕산빌딩 2층 201호, 203호","경기도 성남시 분당구 황새울로335번길 8 덕산빌딩 2층 201호, 203호",칼국수
수계옥 분당미금본점,한식>닭요리,경기도 성남시 분당구 구미동 50-4 1층,경기도 성남시 분당구 미금일로74번길 13-5 1층,칼국수
윤밀원,"한식>족발,보쌈",경기도 성남시 분당구 정자동 46-5 1층,경기도 성남시 분당구 백현로 154 1층,칼국수
행하령수제비,"한식>칼국수,만두",경기도 성남시 분당구 구미동 35-9 1층 행하령수제비,경기도 성남시 분당구 성남대로144번길 14 1층 행하령수제비,칼국수
구좌리 얼크니손칼국수 분당금곡직영점,"한식>칼국수,만두",경기도 성남시 분당구 금곡동 56-3 1층,경기도 성남시 분당구 쇳골로 25 1층,칼국수
서현칼국수보쌈,음식점>한식,"경기도 성남시 분당구 서현동 260-4 덕산빌딩 2층 201호, 203호","경기도 성남시 분당구 황새울로335번길 8 덕산빌딩 2층 201호, 203호",칼국수
수계옥 분당미금본점,한식>닭요리,경기도 성남시 분당구 구미동 50-4 1층,경기도 성남시 분당구 미금일로74번길 13-5 1층,칼국수
윤밀원,"한식>족발,보쌈",경기도 성남시 분당구 정자동 46-5 1층,경기도 성남시 분당구 백현로 154 1층,칼국수
행하령수제비,"한식>칼국수,만두",경기도 성남시 분당구 구미동 35-9 1층 행하령수제비,경기도 성남시 분당구 성남대로144번길 14 1층 행하령수제비,칼국수
구좌리 얼크니손칼국수 분당금곡직영점,"한식>칼국수,만두",경기도 성남시 분당구 금곡동 56-3 1층,경기도 성남시 분당구 쇳골로 25 1층,칼국수
서현칼국수보쌈,음식점>한식,"경기도 성남시 분당구 서현동 260-4 덕산빌딩 2층 201호, 203호","경기도 성남시 분당구 황새울로335번길 8 덕산빌딩 2층 201호, 203호",칼국수
수계옥 분당미금본점,한식>닭요리,경기도 성남시 분당구 구미동 50-4 1층,경기도 성남시 분당구 미금일로74번길 13-5 1층,칼국수
윤밀원,"한식>족발,보쌈",경기도 성남시 분당구 정자동 46-5 1층,경기도 성남시 분당구 백현로 154 1층,칼국수
행하령수제비,"한식>칼국수,만두",경기도 성남시 분당구 구미동 35-9 1층 행하령수제비,경기도 성남시 분당구 성남대로144번길 14 1층 행하령수제비,칼국수
구좌리 얼크니손칼국수 분당금곡직영점,"한식>칼국수,만두",경기도 성남시 분당구 금곡동 56-3 1층,경기도 성남시 분당구 쇳골로 25 1층,칼국수
서현칼국수보쌈,음식점>한식,"경기도 성남시 분당구 서현동 260-4 덕산빌딩 2층 201호, 203호","경기도 성남시 분당구 황새울로335번길 8 덕산빌딩 2층 201호, 203호",칼국수
수계옥 분당미금본점,한식>닭요리,경기도 성남시 분당구 구미동 50-4 1층,경기도 성남시 분당구 미금일로74번길 13-5 1층,칼국수
윤밀원,"한식>족발,보쌈",경기도 성남시 분당구 정자동 46-5 1층,경기도 성남시 분당구 백현로 154 1층,칼국수
행하령수제비,"한식>칼국수,만두",경기도 성남시 분당구 구미동 35-9 1층 행하령수제비,경기도 성남시 분당구 성남대로144번길 14 1층 행하령수제비,칼국수
구좌리 얼크니손칼국수 분당금곡직영점,"한식>칼국수,만두",경기도 성남시 분당구 금곡동 56-3 1층,경기도 성남시 분당구 쇳골로 25 1층,칼국수
서현칼국수보쌈,음식점>한식,"경기도 성남시 분당구 서현동 260-4 덕산빌딩 2층 201호, 203호","경기도 성남시 분당구 황새울로335번길 8 덕산빌딩 2층 201호, 203호",칼국수
수계옥 분당미금본점,한식>닭요리,경기도 성남시 분당구 구미동 50-4 1층,경기도 성남시 분당구 미금일로74번길 13-5 1층,칼국수
윤밀원,"한식>족발,보쌈",경기도 성남시 분당구 정자동 46-5 1층,경기도 성남시 분당구 백현로 154 1층,칼국수
행하령수제비,"한식>칼국수,만두",경기도 성남시 분당구 구미동 35-9 1층 행하령수제비,경기도 성남시 분당구 성남대로144번길 14 1층 행하령수제비,칼국수
구좌리 얼크니손칼국수 분당금곡직영점,"한식>칼국수,만두",경기도 성남시 분당구 금곡동 56-3 1층,경기도 성남시 분당구 쇳골로 25 1층,칼국수
서현칼국수보쌈,음식점>한식,"경기도 성남시 분당구 서현동 260-4 덕산빌딩 2층 201호, 203호","경기도 성남시 분당구 황새울로335번길 8 덕산빌딩 2층 201호, 203호",칼국수
수계옥 분당미금본점,한식>닭요리,경기도 성남시 분당구 구미동 50-4 1층,경기도 성남시 분당구 미금일로74번길 13-5 1층,칼국수
윤밀원,"한식>족발,보쌈",경기도 성남시 분당구 정자동 46-5 1층,경기도 성남시 분당구 백현로 154 1층,칼국수
행하령수제비,"한식>칼국수,만두",경기도 성남시 분당구 구미동 35-9 1층 행하령수제비,경기도 성남시 분당구 성남대로144번길 14 1층 행하령수제비,칼국수
구좌리 얼크니손칼국수 분당금곡직영점,"한식>칼국수,만두",경기도 성남시 분당구 금곡동 56-3 1층,경기도 성남시 분당구 쇳골로 25 1층,칼국수
서현칼국수보쌈,음식점>한식,"경기도 성남시 분당구 서현동 260-4 덕산빌딩 2층 201호, 203호","경기도 성남시 분당구 황새울로335번길 8 덕산빌딩 2층 201호, 203호",칼국수
수계옥 분당미금본점,한식>닭요리,경기도 성남시 분당구 구미동 50-4 1층,경기도 성남시 분당구 미금일로74번길 13-5 1층,칼국수
윤밀원,"한식>족발,보쌈",경기도 성남시 분당구 정자동 46-5 1층,경기도 성남시 분당구 백현로 154 1층,칼국수
행하령수제비,"한식>칼국수,만두",경기도 성남시 분당구 구미동 35-9 1층 행하령수제비,경기도 성남시 분당구 성남대로144번길 14 1층 행하령수제비,칼국수
구좌리 얼크니손칼국수 분당금곡직영점,"한식>칼국수,만두",경기도 성남시 분당구 금곡동 56-3 1층,경기도 성남시 분당구 쇳골로 25 1층,칼국수
서현칼국수보쌈,음식점>한식,"경기도 성남시 분당구 서현동 260-4 덕산빌딩 2층 201호, 203호","경기도 성남시 분당구 황새울로335번길 8 덕산빌딩 2층 201호, 203호",칼국수
수계옥 분당미금본점,한식>닭요리,경기도 성남시 분당구 구미동 50-4 1층,경기도 성남시 분당구 미금일로74번길 13-5 1층,칼국수
윤밀원,"한식>족발,보쌈",경기도 성남시 분당구 정자동 46-5 1층,경기도 성남시 분당구 백현로 154 1층,칼국수
행하령수제비,"한식>칼국수,만두",경기도 성남시 분당구 구미동 35-9 1층 행하령수제비,경기도 성남시 분당구 성남대로144번길 14 1층 행하령수제비,칼국수
아카리 라멘,음식점>일식>일본식라면,경기도 성남시 분당구 금곡동 172 1층 112호,경기도 성남시 분당구 성남대로171번길 17 1층 112호,라멘
니고라멘,음식점>일식>일본식라면,경기도 성남시 분당구 수내동 21-1 ms프라자 1층 107호,경기도 성남시 분당구 황새울로214번길 8 ms프라자 1층 107호,라멘
멘츠루 서현점,음식점>일식>일본식라면,"경기도 성남시 분당구 서현동 248-3 1층 110호, 111호","경기도 성남시 분당구 서현로210번길 14 1층 110호, 111호",라멘
태양의토마토라멘 분당수내역점,음식점>일식>일본식라면,경기도 성남시 분당구 수내동 10-1 1층 101호,경기도 성남시 분당구 황새울로 234 1층 101호,라멘
삼미당 정자점,음식점>일식>일본식라면,경기도 성남시 분당구 정자동 19-4 1층 104호,경기도 성남시 분당구 성남대로343번길 12-8 1층 104호,라멘
아카리 라멘,음식점>일식>일본식라면,경기도 성남시 분당구 금곡동 172 1층 112호,경기도 성남시 분당구 성남대로171번길 17 1층 112호,라멘
니고라멘,음식점>일식>일본식라면,경기도 성남시 분당구 수내동 21-1 ms프라자 1층 107호,경기도 성남시 분당구 황새울로214번길 8 ms프라자 1층 107호,라멘
멘츠루 서현점,음식점>일식>일본식라면,"경기도 성남시 분당구 서현동 248-3 1층 110호, 111호","경기도 성남시 분당구 서현로210번길 14 1층 110호, 111호",라멘
태양의토마토라멘 분당수내역점,음식점>일식>일본식라면,경기도 성남시 분당구 수내동 10-1 1층 101호,경기도 성남시 분당구 황새울로 234 1층 101호,라멘
삼미당 정자점,음식점>일식>일본식라면,경기도 성남시 분당구 정자동 19-4 1층 104호,경기도 성남시 분당구 성남대로343번길 12-8 1층 104호,라멘
아카리 라멘,음식점>일식>일본식라면,경기도 성남시 분당구 금곡동 172 1층 112호,경기도 성남시 분당구 성남대로171번길 17 1층 112호,라멘
니고라멘,음식점>일식>일본식라면,경기도 성남시 분당구 수내동 21-1 ms프라자 1층 107호,경기도 성남시 분당구 황새울로214번길 8 ms프라자 1층 107호,라멘
멘츠루 서현점,음식점>일식>일본식라면,"경기도 성남시 분당구 서현동 248-3 1층 110호, 111호","경기도 성남시 분당구 서현로210번길 14 1층 110호, 111호",라멘
태양의토마토라멘 분당수내역점,음식점>일식>일본식라면,경기도 성남시 분당구 수내동 10-1 1층 101호,경기도 성남시 분당구 황새울로 234 1층 101호,라멘
삼미당 정자점,음식점>일식>일본식라면,경기도 성남시 분당구 정자동 19-4 1층 104호,경기도 성남시 분당구 성남대로343번길 12-8 1층 104호,라멘
아카리 라멘,음식점>일식>일본식라면,경기도 성남시 분당구 금곡동 172 1층 112호,경기도 성남시 분당구 성남대로171번길 17 1층 112호,라멘
니고라멘,음식점>일식>일본식라면,경기도 성남시 분당구 수내동 21-1 ms프라자 1층 107호,경기도 성남시 분당구 황새울로214번길 8 ms프라자 1층 107호,라멘
멘츠루 서현점,음식점>일식>일본식라면,"경기도 성남시 분당구 서현동 248-3 1층 110호, 111호","경기도 성남시 분당구 서현로210번길 14 1층 110호, 111호",라멘
태양의토마토라멘 분당수내역점,음식점>일식>일본식라면,경기도 성남시 분당구 수내동 10-1 1층 101호,경기도 성남시 분당구 황새울로 234 1층 101호,라멘
삼미당 정자점,음식점>일식>일본식라면,경기도 성남시 분당구 정자동 19-4 1층 104호,경기도 성남시 분당구 성남대로343번길 12-8 1층 104호,라멘
아카리 라멘,음식점>일식>일본식라면,경기도 성남시 분당구 금곡동 172 1층 112호,경기도 성남시 분당구 성남대로171번길 17 1층 112호,라멘
니고라멘,음식점>일식>일본식라면,경기도 성남시 분당구 수내동 21-1 ms프라자 1층 107호,경기도 성남시 분당구 황새울로214번길 8 ms프라자 1층 107호,라멘
멘츠루 서현점,음식점>일식>일본식라면,"경기도 성남시 분당구 서현동 248-3 1층 110호, 111호","경기도 성남시 분당구 서현로210번길 14 1층 110호, 111호",라멘
태양의토마토라멘 분당수내역점,음식점>일식>일본식라면,경기도 성남시 분당구 수내동 10-1 1층 101호,경기도 성남시 분당구 황새울로 234 1층 101호,라멘
삼미당 정자점,음식점>일식>일본식라면,경기도 성남시 분당구 정자동 19-4 1층 104호,경기도 성남시 분당구 성남대로343번길 12-8 1층 104호,라멘
아카리 라멘,음식점>일식>일본식라면,경기도 성남시 분당구 금곡동 172 1층 112호,경기도 성남시 분당구 성남대로171번길 17 1층 112호,라멘
니고라멘,음식점>일식>일본식라면,경기도 성남시 분당구 수내동 21-1 ms프라자 1층 107호,경기도 성남시 분당구 황새울로214번길 8 ms프라자 1층 107호,라멘
멘츠루 서현점,음식점>일식>일본식라면,"경기도 성남시 분당구 서현동 248-3 1층 110호, 111호","경기도 성남시 분당구 서현로210번길 14 1층 110호, 111호",라멘
태양의토마토라멘 분당수내역점,음식점>일식>일본식라면,경기도 성남시 분당구 수내동 10-1 1층 101호,경기도 성남시 분당구 황새울로 234 1층 101호,라멘
삼미당 정자점,음식점>일식>일본식라면,경기도 성남시 분당구 정자동 19-4 1층 104호,경기도 성남시 분당구 성남대로343번길 12-8 1층 104호,라멘
아카리 라멘,음식점>일식>일본식라면,경기도 성남시 분당구 금곡동 172 1층 112호,경기도 성남시 분당구 성남대로171번길 17 1층 112호,라멘
니고라멘,음식점>일식>일본식라면,경기도 성남시 분당구 수내동 21-1 ms프라자 1층 107호,경기도 성남시 분당구 황새울로214번길 8 ms프라자 1층 107호,라멘
멘츠루 서현점,음식점>일식>일본식라면,"경기도 성남시 분당구 서현동 248-3 1층 110호, 111호","경기도 성남시 분당구 서현로210번길 14 1층 110호, 111호",라멘
태양의토마토라멘 분당수내역점,음식점>일식>일본식라면,경기도 성남시 분당구 수내동 10-1 1층 101호,경기도 성남시 분당구 황새울로 234 1층 101호,라멘
삼미당 정자점,음식점>일식>일본식라면,경기도 성남시 분당구 정자동 19-4 1층 104호,경기도 성남시 분당구 성남대로343번길 12-8 1층 104호,라멘
아카리 라멘,음식점>일식>일본식라면,경기도 성남시 분당구 금곡동 172 1층 112호,경기도 성남시 분당구 성남대로171번길 17 1층 112호,라멘
니고라멘,음식점>일식>일본식라면,경기도 성남시 분당구 수내동 21-1 ms프라자 1층 107호,경기도 성남시 분당구 황새울로214번길 8 ms프라자 1층 107호,라멘
멘츠루 서현점,음식점>일식>일본식라면,"경기도 성남시 분당구 서현동 248-3 1층 110호, 111호","경기도 성남시 분당구 서현로210번길 14 1층 110호, 111호",라멘
태양의토마토라멘 분당수내역점,음식점>일식>일본식라면,경기도 성남시 분당구 수내동 10-1 1층 101호,경기도 성남시 분당구 황새울로 234 1층 101호,라멘
삼미당 정자점,음식점>일식>일본식라면,경기도 성남시 분당구 정자동 19-4 1층 104호,경기도 성남시 분당구 성남대로343번길 12-8 1층 104호,라멘
아카리 라멘,음식점>일식>일본식라면,경기도 성남시 분당구 금곡동 172 1층 112호,경기도 성남시 분당구 성남대로171번길 17 1층 112호,라멘
니고라멘,음식점>일식>일본식라면,경기도 성남시 분당구 수내동 21-1 ms프라자 1층 107호,경기도 성남시 분당구 황새울로214번길 8 ms프라자 1층 107호,라멘
멘츠루 서현점,음식점>일식>일본식라면,"경기도 성남시 분당구 서현동 248-3 1층 110호, 111호","경기도 성남시 분당구 서현로210번길 14 1층 110호, 111호",라멘
태양의토마토라멘 분당수내역점,음식점>일식>일본식라면,경기도 성남시 분당구 수내동 10-1 1층 101호,경기도 성남시 분당구 황새울로 234 1층 101호,라멘
삼미당 정자점,음식점>일식>일본식라면,경기도 성남시 분당구 정자동 19-4 1층 104호,경기도 성남시 분당구 성남대로343번길 12-8 1층 104호,라멘
아카리 라멘,음식점>일식>일본식라면,경기도 성남시 분당구 금곡동 172 1층 112호,경기도 성남시 분당구 성남대로171번길 17 1층 112호,라멘
니고라멘,음식점>일식>일본식라면,경기도 성남시 분당구 수내동 21-1 ms프라자 1층 107호,경기도 성남시 분당구 황새울로214번길 8 ms프라자 1층 107호,라멘
멘츠루 서현점,음식점>일식>일본식라면,"경기도 성남시 분당구 서현동 248-3 1층 110호, 111호","경기도 성남시 분당구 서현로210번길 14 1층 110호, 111호",라멘
태양의토마토라멘 분당수내역점,음식점>일식>일본식라면,경기도 성남시 분당구 수내동 10-1 1층 101호,경기도 성남시 분당구 황새울로 234 1층 101호,라멘
삼미당 정자점,음식점>일식>일본식라면,경기도 성남시 분당구 정자동 19-4 1층 104호,경기도 성남시 분당구 성남대로343번길 12-8 1층 104호,라멘
아카리 라멘,음식점>일식>일본식라면,경기도 성남시 분당구 금곡동 172 1층 112호,경기도 성남시 분당구 성남대로171번길 17 1층 112호,라멘
니고라멘,음식점>일식>일본식라면,경기도 성남시 분당구 수내동 21-1 ms프라자 1층 107호,경기도 성남시 분당구 황새울로214번길 8 ms프라자 1층 107호,라멘
멘츠루 서현점,음식점>일식>일본식라면,"경기도 성남시 분당구 서현동 248-3 1층 110호, 111호","경기도 성남시 분당구 서현로210번길 14 1층 110호, 111호",라멘
태양의토마토라멘 분당수내역점,음식점>일식>일본식라면,경기도 성남시 분당구 수내동 10-1 1층 101호,경기도 성남시 분당구 황새울로 234 1층 101호,라멘
삼미당 정자점,음식점>일식>일본식라면,경기도 성남시 분당구 정자동 19-4 1층 104호,경기도 성남시 분당구 성남대로343번길 12-8 1층 104호,라멘
아카리 라멘,음식점>일식>일본식라면,경기도 성남시 분당구 금곡동 172 1층 112호,경기도 성남시 분당구 성남대로171번길 17 1층 112호,라멘
니고라멘,음식점>일식>일본식라면,경기도 성남시 분당구 수내동 21-1 ms프라자 1층 107호,경기도 성남시 분당구 황새울로214번길 8 ms프라자 1층 107호,라멘
멘츠루 서현점,음식점>일식>일본식라면,"경기도 성남시 분당구 서현동 248-3 1층 110호, 111호","경기도 성남시 분당구 서현로210번길 14 1층 110호, 111호",라멘
태양의토마토라멘 분당수내역점,음식점>일식>일본식라면,경기도 성남시 분당구 수내동 10-1 1층 101호,경기도 성남시 분당구 황새울로 234 1층 101호,라멘
삼미당 정자점,음식점>일식>일본식라면,경기도 성남시 분당구 정자동 19-4 1층 104호,경기도 성남시 분당구 성남대로343번길 12-8 1층 104호,라멘
아카리 라멘,음식점>일식>일본식라면,경기도 성남시 분당구 금곡동 172 1층 112호,경기도 성남시 분당구 성남대로171번길 17 1층 112호,라멘
니고라멘,음식점>일식>일본식라면,경기도 성남시 분당구 수내동 21-1 ms프라자 1층 107호,경기도 성남시 분당구 황새울로214번길 8 ms프라자 1층 107호,라멘
멘츠루 서현점,음식점>일식>일본식라면,"경기도 성남시 분당구 서현동 248-3 1층 110호, 111호","경기도 성남시 분당구 서현로210번길 14 1층 110호, 111호",라멘
태양의토마토라멘 분당수내역점,음식점>일식>일본식라면,경기도 성남시 분당구 수내동 10-1 1층 101호,경기도 성남시 분당구 황새울로 234 1층 101호,라멘
삼미당 정자점,음식점>일식>일본식라면,경기도 성남시 분당구 정자동 19-4 1층 104호,경기도 성남시 분당구 성남대로343번길 12-8 1층 104호,라멘
아카리 라멘,음식점>일식>일본식라면,경기도 성남시 분당구 금곡동 172 1층 112호,경기도 성남시 분당구 성남대로171번길 17 1층 112호,라멘
니고라멘,음식점>일식>일본식라면,경기도 성남시 분당구 수내동 21-1 ms프라자 1층 107호,경기도 성남시 분당구 황새울로214번길 8 ms프라자 1층 107호,라멘
멘츠루 서현점,음식점>일식>일본식라면,"경기도 성남시 분당구 서현동 248-3 1층 110호, 111호","경기도 성남시 분당구 서현로210번길 14 1층 110호, 111호",라멘
태양의토마토라멘 분당수내역점,음식점>일식>일본식라면,경기도 성남시 분당구 수내동 10-1 1층 101호,경기도 성남시 분당구 황새울로 234 1층 101호,라멘
삼미당 정자점,음식점>일식>일본식라면,경기도 성남시 분당구 정자동 19-4 1층 104호,경기도 성남시 분당구 성남대로343번길 12-8 1층 104호,라멘
아카리 라멘,음식점>일식>일본식라면,경기도 성남시 분당구 금곡동 172 1층 112호,경기도 성남시 분당구 성남대로171번길 17 1층 112호,라멘
니고라멘,음식점>일식>일본식라면,경기도 성남시 분당구 수내동 21-1 ms프라자 1층 107호,경기도 성남시 분당구 황새울로214번길 8 ms프라자 1층 107호,라멘
멘츠루 서현점,음식점>일식>일본식라면,"경기도 성남시 분당구 서현동 248-3 1층 110호, 111호","경기도 성남시 분당구 서현로210번길 14 1층 110호, 111호",라멘
태양의토마토라멘 분당수내역점,음식점>일식>일본식라면,경기도 성남시 분당구 수내동 10-1 1층 101호,경기도 성남시 분당구 황새울로 234 1층 101호,라멘
삼미당 정자점,음식점>일식>일본식라면,경기도 성남시 분당구 정자동 19-4 1층 104호,경기도 성남시 분당구 성남대로343번길 12-8 1층 104호,라멘
아카리 라멘,음식점>일식>일본식라면,경기도 성남시 분당구 금곡동 172 1층 112호,경기도 성남시 분당구 성남대로171번길 17 1층 112호,라멘
니고라멘,음식점>일식>일본식라면,경기도 성남시 분당구 수내동 21-1 ms프라자 1층 107호,경기도 성남시 분당구 황새울로214번길 8 ms프라자 1층 107호,라멘
멘츠루 서현점,음식점>일식>일본식라면,"경기도 성남시 분당구 서현동 248-3 1층 110호, 111호","경기도 성남시 분당구 서현로210번길 14 1층 110호, 111호",라멘
태양의토마토라멘 분당수내역점,음식점>일식>일본식라면,경기도 성남시 분당구 수내동 10-1 1층 101호,경기도 성남시 분당구 황새울로 234 1층 101호,라멘
삼미당 정자점,음식점>일식>일본식라면,경기도 성남시 분당구 정자동 19-4 1층 104호,경기도 성남시 분당구 성남대로343번길 12-8 1층 104호,라멘
아카리 라멘,음식점>일식>일본식라면,경기도 성남시 분당구 금곡동 172 1층 112호,경기도 성남시 분당구 성남대로171번길 17 1층 112호,라멘
니고라멘,음식점>일식>일본식라면,경기도 성남시 분당구 수내동 21-1 ms프라자 1층 107호,경기도 성남시 분당구 황새울로214번길 8 ms프라자 1층 107호,라멘
멘츠루 서현점,음식점>일식>일본식라면,"경기도 성남시 분당구 서현동 248-3 1층 110호, 111호","경기도 성남시 분당구 서현로210번길 14 1층 110호, 111호",라멘
태양의토마토라멘 분당수내역점,음식점>일식>일본식라면,경기도 성남시 분당구 수내동 10-1 1층 101호,경기도 성남시 분당구 황새울로 234 1층 101호,라멘
삼미당 정자점,음식점>일식>일본식라면,경기도 성남시 분당구 정자동 19-4 1층 104호,경기도 성남시 분당구 성남대로343번길 12-8 1층 104호,라멘
아카리 라멘,음식점>일식>일본식라면,경기도 성남시 분당구 금곡동 172 1층 112호,경기도 성남시 분당구 성남대로171번길 17 1층 112호,라멘
니고라멘,음식점>일식>일본식라면,경기도 성남시 분당구 수내동 21-1 ms프라자 1층 107호,경기도 성남시 분당구 황새울로214번길 8 ms프라자 1층 107호,라멘
멘츠루 서현점,음식점>일식>일본식라면,"경기도 성남시 분당구 서현동 248-3 1층 110호, 111호","경기도 성남시 분당구 서현로210번길 14 1층 110호, 111호",라멘
태양의토마토라멘 분당수내역점,음식점>일식>일본식라면,경기도 성남시 분당구 수내동 10-1 1층 101호,경기도 성남시 분당구 황새울로 234 1층 101호,라멘
삼미당 정자점,음식점>일식>일본식라면,경기도 성남시 분당구 정자동 19-4 1층 104호,경기도 성남시 분당구 성남대로343번길 12-8 1층 104호,라멘
아카리 라멘,음식점>일식>일본식라면,경기도 성남시 분당구 금곡동 172 1층 112호,경기도 성남시 분당구 성남대로171번길 17 1층 112호,라멘
니고라멘,음식점>일식>일본식라면,경기도 성남시 분당구 수내동 21-1 ms프라자 1층 107호,경기도 성남시 분당구 황새울로214번길 8 ms프라자 1층 107호,라멘
멘츠루 서현점,음식점>일식>일본식라면,"경기도 성남시 분당구 서현동 248-3 1층 110호, 111호","경기도 성남시 분당구 서현로210번길 14 1층 110호, 111호",라멘
태양의토마토라멘 분당수내역점,음식점>일식>일본식라면,경기도 성남시 분당구 수내동 10-1 1층 101호,경기도 성남시 분당구 황새울로 234 1층 101호,라멘
삼미당 정자점,음식점>일식>일본식라면,경기도 성남시 분당구 정자동 19-4 1층 104호,경기도 성남시 분당구 성남대로343번길 12-8 1층 104호,라멘
아카리 라멘,음식점>일식>일본식라면,경기도 성남시 분당구 금곡동 172 1층 112호,경기도 성남시 분당구 성남대로171번길 17 1층 112호,라멘
니고라멘,음식점>일식>일본식라면,경기도 성남시 분당구 수내동 21-1 ms프라자 1층 107호,경기도 성남시 분당구 황새울로214번길 8 ms프라자 1층 107호,라멘
멘츠루 서현점,음식점>일식>일본식라면,"경기도 성남시 분당구 서현동 248-3 1층 110호, 111호","경기도 성남시 분당구 서현로210번길 14 1층 110호, 111호",라멘
태양의토마토라멘 분당수내역점,음식점>일식>일본식라면,경기도 성남시 분당구 수내동 10-1 1층 101호,경기도 성남시 분당구 황새울로 234 1층 101호,라멘
삼미당 정자점,음식점>일식>일본식라면,경기도 성남시 분당구 정자동 19-4 1층 104호,경기도 성남시 분당구 성남대로343번길 12-8 1층 104호,라멘
